:020000040800F2
:1000000000000220E5EC0008EDCA0008EFCA000875
:10001000F1CA0008F3CA0008F5CA00080000000091
:10002000000000000000000000000000F7CA000807
:10003000F9CA000800000000FBCA0008FDCA000859
:1000400035ED000835ED000835ED000835ED000808
:1000500035ED000835ED000835ED000835ED0008F8
:1000600035ED000835ED000835ED000805CB00083A
:1000700015CB000825CB000835ED000835ED00084C
:1000800035ED000835ED000835ED000835ED0008C8
:1000900035ED000835ED000835ED000835ED0008B8
:1000A00035ED000835ED000835ED000835ED0008A8
:1000B00035ED000835ED000835ED000835ED000898
:1000C00035ED000835ED000835ED000835ED000888
:1000D00035ED000835ED000835ED000835ED000878
:1000E00035ED000835ED00080000000035ED000892
:1000F00035ED000835ED000835ED000835ED000858
:1001000035ED000835CB000835ED000835ED000869
:1001100035ED000835ED000835ED000835ED000837
:1001200035ED000835ED000835ED000835ED000827
:1001300035ED000835ED000835ED000835ED000817
:1001400000000000000000000000000000000000AF
:1001500035ED000835ED000835ED000835ED0008F7
:1001600035ED000835ED000835ED000835ED0008E7
:1001700035ED000835ED000835ED00080000000001
:1001800035ED000835ED000835ED000835ED0008C7
:1001900035ED000835ED000835ED000845CB0008C9
:1001A00035ED000835ED000835ED000835ED0008A7
:1001B00035ED000835ED000835ED000835ED000897
:1001C00035ED000835ED000835ED000835ED000887
:1001D00035ED000835ED000835ED000835ED000877
:1001E00035ED000835ED000835ED000835ED000867
:1001F00035ED000835ED000835ED000835ED000857
:1002000035ED000835ED000835ED000835ED000846
:1002100035ED000835ED000835ED000835ED000836
:1002200035ED000835ED000835ED00080000000050
:1002300035ED000835ED00080000000035ED000840
:1002400035ED000835ED000835ED000835ED000806
:1002500035ED000835ED000835ED000835ED0008F6
:1002600035ED000835ED000835ED000835ED0008E6
:1002700035ED000835ED000835ED00080000000000
:1002800035ED000835ED000835ED000800000000F0
:080290000000000035ED00083C
:1002980010B5054C237833B9044B13B10448AFF3B8
:1002A80000800123237010BDF00000200000000032
:1002B80088F9000808B5034B1BB103490348AFF39D
:1002C800008008BD00000000F400002088F9000844
:1002D80053B94AB9002908BF00281CBF4FF0FF31A5
:1002E8004FF0FF3000F088B9ADF1080C6DE904CE8D
:1002F80000F006F8DDF804E0DDE9022304B07047F9
:100308002DE9F047089D8E4604468846002B4AD1C1
:100318008A42174662D9B2FA82F64EB1C6F1200374
:1003280001FA06F820FA03F3B74043EA0808B44094
:100338004FEA174E1FFA87FCB8FBFEF1230C0EFBA1
:10034800118843EA084301FB0CF29A4209D9FB18C9
:1003580001F1FF3080F0EA809A4240F2E7800239EA
:100368003B449A1AA3B2B2FBFEF00EFB102243EAFA
:10037800024300FB0CFC9C4509D9FB1800F1FF3235
:1003880080F0D6809C4540F2D3803B44023840EA56
:100398000140A3EB0C0300211DB1F3400022C5E985
:1003A8000032BDE8F0878B4205D90DB1C5E90001DF
:1003B80000210846F5E7B3FA83F1002946D17345D1
:1003C80002D3824200F20581841A6EEB03020120F7
:1003D8009046002DE5D0C5E90048E2E7002A00F084
:1003E8009080B2FA82F6002E40F0A4808A1A030C9C
:1003F8004FEA174E80B2BCB20121B2FBFEFC0EFBE5
:100408001C2243EA024304FB0CF29A4207D9FB1868
:100418000CF1FF3802D29A4200F2E080C4469B1ADF
:10042800B3FBFEF20EFB123340EA034302FB04F473
:100438009C4207D9FB1802F1FF3002D29C4200F21D
:10044800CA8002461B1B42EA0C40A5E7C1F1200600
:100458008B4022FA06F71F430EFA01F420FA06F33E
:100468002EFA06FE4FEA1749234300FA01F81FFA4D
:1004780087FCBEFBF9F01C0C09FB10EE44EA0E44A5
:1004880000FB0CFEA64502FA01F209D93C1900F15D
:10049800FF3A80F09C80A64540F2998002383C449F
:1004A800A4EB0E041FFA83FEB4FBF9F309FB134413
:1004B8004EEA044403FB0CFCA44508D93C1903F19B
:1004C800FF3E80F08280A4457FD9023B3C4443EA4A
:1004D8000040A4EB0C04A0FB02EC64457346E14623
:1004E80062D35FD05DB1B8EB030264EB090404FA90
:1004F80006F622FA01F31E43CC40C5E90064002148
:100508004FE7B1FBF2FC010C41EA0E4180B240EA30
:1005180001423B4638463C46B846BE462026B1FB1B
:10052800F7F1A2EB080241EA0C4166E7014618E739
:1005380010462CE7C6F120022EFA02F3B740B1406C
:1005480020FA02F24FEA174E0A43B3FBFEF8BCB298
:100558000EFB1833110C41EA034108FB04F9B040C3
:1005680089454FEA104380B23ED9791808F1FF3C1B
:1005780001D289451FD8A1EB0901B1FBFEF909FB9E
:1005880004F80EFB191192B242EA0142424529D2FF
:10059800BA1809F1FF31C4D24245C2D2A9F1020109
:1005A8003A44BEE7F0459DD2BEEB02036CEB070C64
:1005B8000138E14696E7A7EB09094944A8F1020C7E
:1005C800B1FBFEF909FB04F8DBE773467FE7504609
:1005D80066E70846FDE63B44023A33E7ACF1020C15
:1005E8003B441CE749469CE7A1EB0901C446B1FB23
:1005F800FEF909FB04F8C4E7704700BF104B1B78ED
:100608000BB90120704710B504464FF47A70B0FB5F
:10061800F3F30C4A1068B0FBF3F000F003FF68B97D
:100628000F2C01D901200AE0002221464FF0FF30AB
:1006380000F0DAFE044B1C60002000E0012010BD31
:1006480000000020140000200400002010B5032042
:1006580000F0B8FE03F0B6FB0F498B69C3F3032320
:100668000E4AD35C03F01F03D8408B6903F00F03D5
:10067800D35C03F01F0320FA03F3094A1360094B04
:1006880018600020FFF7BAFF10B10124204610BD02
:1006980004460CF015FAF9E70044025834FE000845
:1006A8001000002014000020034B1B78034A116837
:1006B8000B441360704700BF000000200C010020AD
:1006C800014B1868704700BF0C01002038B504467C
:1006D800FFF7F6FF0546B4F1FF3F02D0044B1B7845
:1006E8001C44FFF7EDFF401BA042FAD338BD00BF02
:1006F80000000020014B1868000C70470010005CD7
:10070800034A136823F0407303431360704700BF24
:100718000040005210B430300B0A9B0003F00C0369
:10072800C45801F01F014FF01F0C0CFA01FC24EA19
:100738000C0CC2F384628A404CEA0202C2505DF893
:10074800044B704710B414304B0E9B0003F00403A5
:10075800C458C1F304514FF0070C0CFA01FC24EA09
:100768000C0C8A404CEA0202C2505DF8044B7047F8
:100778007047704708B5806BFFF7FBFF08BD7047EF
:1007880008B50346806B426D12F0500F30D1436DAF
:1007980043F40073436503681A6812F0080F14D015
:1007A800DA6812F4406F20D1DB6813F4005F1CD1C3
:1007B800436D23F480734365436D13F4805F14D154
:1007C800436D43F0010343650FE0DB6813F0030F4B
:1007D8000BD1436D23F480734365436D13F4805F3D
:1007E80003D1436D43F001034365FFF7C1FF08BD23
:1007F800426D12F0100F04D1C26CD26C18469047AB
:10080800F5E7FFF7BCFFF2E708B5806B436D43F0EF
:1008180040034365836D43F004038365FFF7AFFF2F
:1008280008BD000070B582B00023019390F85030E5
:10083800012B00F0108204460D46012380F8503049
:100848000268936813F0040F09D0436D43F0200346
:1008580043650120002384F8503002B070BD0B6856
:10086800C3F3130100293CD1C3F3846301219940E8
:10087800D3690B43D3612A6869682068FFF74AFF88
:100888002068836813F0040300D00123826812F003
:10089800080200D0012252EA03062BD0226893688E
:1008A80013F0010F40F0D3812B68E868D2F8C0102C
:1008B800C3F3130621EA060100F01806B348F04016
:1008C8000340C3F313030B43C2F8C030EA68B04BCC
:1008D8009A4200F09E802B68002BC0F234810020E1
:1008E800B8E793FAA3F3B3FA83F303F01F030121E4
:1008F8009940BDE7AA682968FFF724FFA54B1B6844
:1009080003F07043B3F1805F0BD02268D36813F013
:10091800100F3BD16B69D268C2F382025200934038
:1009280006E06B692268D268C2F3820252009340E3
:100938002969042938D02268286802F1600C5CF81B
:10094800212002F0004200F0F840034313434CF822
:100958002130236828696A7E012A1FD03146603316
:1009680053F8202022F000420A4343F8202021684F
:100978002A692B7E012B14D00B6923F4F04302F073
:100988001F0206FA02F213430B6187E76B69D2680C
:10099800920802F0040252009340C9E74FF0004168
:1009A800DDE74FF40066E7E72268136E03F0F843CB
:1009B8002968B3EB816F1DD02268536E03F0F843AA
:1009C8002968B3EB816F1AD02268936E03F0F8435D
:1009D8002968B3EB816F17D02268D36E03F0F84310
:1009E8002968B3EB816F7FF459AFD36E23F00043CE
:1009F800D36653E7136E23F000431366DCE7536EA8
:100A080023F000435366DFE7936E23F000439366B9
:100A1800E2E720682B68C3F313063EBB9A0E013247
:100A280002F01F02092A8CBF00220122002A49D0A5
:100A380046BB990E0131890601F0F8415EBB4FEAC9
:100A4800936C0CF1010C0CF01F0C012202FA0CF251
:100A5800114366BB9B0E013303F01F0303EB4303F3
:100A68001B051943AA68FFF76DFE34E793FAA3F252
:100A7800B2FA82F2013202F01F02092A8CBF002268
:100A88000122D3E793FAA3F1B1FA81F10131890682
:100A980001F0F841D2E793FAA3FCBCFA8CFC0CF104
:100AA800010C0CF01F0C012202FA0CF2D0E793FAA9
:100AB800A3F3B3FA83F3013303F01F0303EB4303F8
:100AC8001B05CEE7E6B9990E0131890601F0F84118
:100AD800FEB94FEA936C0CF1010C0CF01F0C0122CB
:100AE80002FA0CF2114306BB9B0E013303F01F03FD
:100AF80003EB43031E3B1B0543F000731943B1E7A7
:100B080093FAA3F1B1FA81F10131890601F0F841B4
:100B1800DEE793FAA3FCBCFA8CFC0CF1010C0CF098
:100B28001F0C012202FA0CF2DCE793FAA3F3B3FAE2
:100B380083F3013303F01F0303EB43031E3B1B0541
:100B480043F00073DAE7226813491448824218BF59
:100B58008A420CBF0121002124D1114EB56805F04D
:100B6800E07C09B30C49886810F0010000D001202E
:100B78000A49896811F0010100D00121014318D008
:100B8800636D43F020036365012063E6FFFF0F00F8
:100B98000000FF470010005C0020024000210240D6
:100BA800002302402D4ED9E72D49896811F0010F25
:100BB800E6D12C498B4207D02B498B4225D02B49B3
:100BC8008B4233D0002045E615F4000FF4D1244BB6
:100BD8009A4201D000203DE64CF40003B26822F0AE
:100BE800E0721343B360224B1B689B09214AA2FBA6
:100BF80003239B095B00019302E0019B013B0193E6
:100C0800019B002BF9D1002024E615F0807FD6D176
:100C1800134B9A4201D000201CE64CF08073B26856
:100C280022F0E0721343B360002013E615F4800F3E
:100C38000FD10B4B9A4201D000200BE64CF48003F5
:100C4800B26822F0E0721343B360002002E600208D
:100C580000E60020FEE50220FFE500BF0063025821
:100C680000600258000084CB000052C70000B8CFD3
:100C780014000020632D3E0538B503689A6812F009
:100C8800010F52D104469968294A114209D0436D8F
:100C980043F010034365836D43F00103836501202E
:100CA80044E09968234A0A4042F001029A60FFF73B
:100CB80007FD054623682049204A934218BF8B4206
:100CC8000DD102F50072926802F01F021B498B4297
:100CD80007D0194699420CD05AB1002026E0184A8C
:100CE800F1E7A1F58071F5E7FFF7EAFC401B022860
:100CF8000FD823681A6812F0010F14D19A6812F0FD
:100D0800010FF1D199680B4A0A4042F001029A603A
:100D1800EAE7636D43F010036365A36D43F00103D5
:100D2800A365012002E0002000E0002038BD00BFDC
:100D38003F000080C0FFFF7F0020024000210240EA
:100D480000630258F8B504460E46174600683E4A46
:100D58003E4B984218BF90421CD103F500739D6822
:100D680005F01F05806810F0040F69D194F8503021
:100D7800012B67D0012384F85030092D05D840F2A3
:100D88002123EB4013F0010F06D1002384F85030E3
:100D9800012056E02E4BE2E72046FFF76DFF0028C2
:100DA8004AD1626DA0F60273134043F48073636501
:100DB8002368264A934239D01A46934200D01DB977
:100DC800636D23F480136365636D13F4805F30D023
:100DD800A36D23F00603A365E36C1E4ADA63E36C94
:100DE8001D4A1A64E36C1D4ADA6423681C221A60DF
:100DF800002384F850302268536843F0100353608E
:100E08002168E36ACA6822F003021343CB602168B1
:100E18003B4632464031E06C00F048FF226891685A
:100E28000F4B0B4043F0040393600AE0A2F5807275
:100E3800C3E70023A365CFE7002384F8503000E020
:100E48000220F8BD0220FCE70020024000210240F9
:100E580000630258890700087D0700081108000888
:100E6800C0FFFF7F38B5044603684E494E4A934297
:100E780018BF8B4226D14D4B9B6813F4403F14BFDB
:100E88000123002343B303F0E3F905466368B3F590
:100E9800003F05D0B3F5403F1CD0B3F5803F02D1E9
:100EA8001B0CB5FBF3F5FFF725FC41F20303984251
:100EB80052D83F4B9D4249D92268936843F48073C6
:100EC800936038BD3B4B9B6813F4403F14BF01232C
:100ED8000023D7E78508E6E74FF4002004F0D0FAAE
:100EE80005466368B3F5101F2CD021D8B3F5E01F71
:100EF80026D004D9B3F5001FD5D14509D3E7B3F5FA
:100F0800801F10D009D8B3F5002F0CD0B3F5402FAF
:100F180009D0B3F5802F06D0C5E7B3F5A01F02D0DE
:100F2800B3F5C01FBFD19B0C5B00B5FBF3F5BAE767
:100F3800B3F5201F08D0B3F5301FB4D1050AB2E7C6
:100F48000509B0E78509AEE7C509ACE722689368EB
:100F580023F480739360B4E7174B9D4205D8226849
:100F6800936823F440739360ABE7144B9D4207D812
:100F78002268936823F4407343F480739360A0E776
:100F88000F4B9D4207D82268936823F4407343F4BB
:100F98000073936095E72268936843F44073936005
:100FA8008FE700BF002002400021024000230240DA
:100FB800002D31010063025821BCBE0041787D013B
:100FC80081F0FA0230B583B000230193002800F0C5
:100FD80009810446436DE3B123689A6812F0005F03
:100FE80003D09968804A0A409A6023689A6812F088
:100FF800805F1BD199687D4A0A4042F080529A600E
:101008007B4B1B689B097B4AA2FB03239B0901932B
:1010180009E009F011FF0023A36584F85030DBE7ED
:10102800019B013B0193019B002BF9D12268936836
:1010380013F0805F40F09980636D43F0100363659F
:10104800A36D43F00103A3650125936813F004031E
:1010580000D00123616D11F0100F40F0BB80002B10
:1010680040F0B880636D23F4817343F00203636535
:10107800936813F0010F1ED15F49604B9A4218BF65
:101088008A420CBF0122002271D1896811F0010146
:1010980000D00121594B9B6813F0010300D00123B4
:1010A8000B4308D1002A68D0554963688A6822F43E
:1010B8007C1213438B60FFF71DFB41F20303984238
:1010C80002D9A368102B5AD0627D236B43EA4233BE
:1010D800A2681343227F43EA0243227F012A59D0A0
:1010E800626A22B102F47872A16A0A431343216842
:1010F800C868444A02401A43CA6021688A6812F0E4
:10110800040200D001228B6813F0080300D00123E9
:1011180013431BD1227DE36A43EA8232C8683A4B03
:1011280003401343CB6094F83830012B37D0226842
:10113800136923F0010313612268136923F07043D4
:10114800616B0B4313612046FFF78CFEE368012BAC
:1011580037D02268136B23F00F031363636D23F0FA
:10116800030343F00103636539E000256DE7274B6E
:101178009B6813F0010F9ED194E7254995E7617D9F
:10118800226B42EA41321343227F43EA024343F08F
:101198000C03A2E7226A013A43EA4243A0E7206827
:1011A80002691C4B1340E26B511E226C42EA014259
:1011B800616C0A43A16C0A43134343F001030361C2
:1011C800BAE721680B6B23F00F03A269013A1343B6
:1011D8000B63C3E7636D43F010036365012528467D
:1011E80003B030BD0125FAE7C0FFFF5FC0FFFF6F06
:1011F80014000020632D3E0500200240002102401B
:101208000023024003C0F0FFFCBFFFFF006002584C
:10121800006302581EF800FC90F85020012A00F0E4
:10122800938030B49AB00346012280F850200068B9
:10123800464A904236D000220192019A002A35D0BF
:10124800926812F0040200D00122846814F0040F9E
:101258006BD1002A69D13D4C3D4A904218BFA0424B
:101268002DD102F500720868002839D0906820F462
:1012780040404C68204390601868344D344CA0427C
:1012880018BFA8421DD1AC6814F0010400D0012495
:101298002F48806810F0010000D00120204315D0AD
:1012A800002047E002F580720192C6E75A6D42F0CD
:1012B80020025A65002283F8502001203DE0254A8B
:1012C800D1E72548806810F0010F39D19468234888
:1012D80020400C688968214308439060002029E079
:1012E800916821F4404191601968184C184881426E
:1012F80018BFA1420ED1A06810F0010000D0012053
:101308001349896811F0010100D00121014306D079
:1013180000200FE01049896811F0010F12D1906880
:101328000E4901409160002004E05A6D42F020020D
:101338005A650120002283F850201AB030BC70474B
:101348000020F7E70020F5E7022070470020024060
:10135800002102400063025800600258E0F0FFFFDD
:10136800002804DB0901C9B2044B1954704700F086
:101378000F000901C9B2024B1954704700E400E09C
:1013880014ED00E000B500F00700C0F1070CBCF157
:10139800040F28BF4FF0040C031D062B0FD9C31EE2
:1013A8004FF0FF3E0EFA0CF021EA000199400EFAC8
:1013B80003FE22EA0E0241EA02005DF804FB002364
:1013C800EEE700000649CB6823F4E0631B041B0C1E
:1013D800000200F4E0600343024A1A43CA607047FF
:1013E80000ED00E00000FA0510B50446054BD8688A
:1013F800C0F30220FFF7C6FF01462046FFF7B0FF03
:1014080010BD00BF00ED00E0002807DB00F01F0260
:10141800400901239340024A42F82030704700BF38
:1014280000E100E00138B0F1807F0BD24FF0E023FB
:101438005861054AF02182F823100020986107229C
:101448001A6170470120704700ED00E0BFF35F8F1D
:10145800044B5A6A22F480325A620022C3F894205C
:10146800704700BF00ED00E040F00100054BC3F8F5
:1014780094005A6A42F480325A62BFF34F8FBFF326
:101488006F8F704700ED00E04278164BC3F8982044
:101498000378FBB14368134AC2F89C30017BC37AD6
:1014A8001B0643EA0173817A43EAC143417B43EA5D
:1014B8008143817B43EA4143C17B43EA0143417A4B
:1014C80043EA0123017A43EA410301780B43C2F856
:1014D800A0307047034B0022C3F89C20C3F8A0201B
:1014E800704700BF00ED00E0F0B4876D0468664EF9
:1014F800664DAC4218BFB44242D01835AC423FD01A
:101508001835AC423CD01835AC4239D01835AC420D
:1015180036D01835AC4233D01835AC4230D005F54A
:101528005675AC422CD01835AC4229D01835AC428F
:1015380026D01835AC4223D01835AC4220D0183507
:10154800AC421DD01835AC421AD01835AC4217D071
:101558004F4DAC4214D01435AC4211D01435AC42C6
:101568000ED01435AC420BD01435AC4208D014352B
:10157800AC4205D01435AC4202D01435AC4207D188
:10158800446E856E6560C46E14B1046F456F656006
:1015980004683D4E3D4DAC4218BFB44252D0183598
:1015A800AC424FD01835AC424CD01835AC4249D07B
:1015B8001835AC4246D01835AC4243D01835AC4249
:1015C80040D005F55675AC423CD01835AC4239D000
:1015D8001835AC4236D01835AC4233D01835AC4249
:1015E80030D01835AC422DD01835AC422AD0183539
:1015F800AC4227D0264E274DAC4218BFB44211D07A
:10160800254DAC420ED01435AC420BD01435AC424B
:1016180008D01435AC4205D01435AC4202D014358C
:10162800AC4224D1C46D04F01F050124AC407C6099
:10163800046863608368402B20D00368996003685E
:10164800DA6014E0C46D04F01F0C3F2404FA0CF4B3
:10165800BC6005682C6824F480242C6004686360EE
:101668008368402B05D0036899600368DA60F0BC92
:10167800704703689A600368D960F8E703689A605E
:101688000368D960F3E700BF100002402800024059
:10169800085402581C540258305402580368274909
:1016A800274A934218BF8B422FD0183293422CD02E
:1016B8001832934229D01832934226D018329342D6
:1016C80023D01832934220D0183293421DD002F50D
:1016D8005672934219D01832934216D01832934258
:1016E80013D01832934210D0183293420DD01832CA
:1016F80093420AD01832934207D01832934204D04A
:1017080023F0FF038365806D704710B4D9B2103998
:101718000C4AA2FB0142C2F302120B4CA25CC26546
:101728005F2907D96FF3090304338365806D5DF87A
:10173800044B70476FF309038365F7E71000024015
:1017480028000240ABAAAAAAA0F9000883699BB99D
:10175800836A012B0AD0022B02D00BB100207047FC
:10176800C36A13F0807F2AD100207047C36AB3F19F
:10177800C07F26D000207047B3F5005F0AD0836A87
:10178800022B26D9032B26D1C36A13F0807F24D1DC
:1017980000207047836A032B03D8DFE803F01404A2
:1017A800140A00207047C36A13F0807F0DD100200F
:1017B8007047C36AB3F1C07F09D000207047012089
:1017C80070470120704701207047012070470120B1
:1017D80070470120704700207047012070470000C3
:1017E80003682149214A934218BF8B4227D01432FB
:1017F800934224D01432934221D0143293421ED003
:10180800143293421BD01432934218D014329342AC
:1018180015D0DAB2103A1649A1FB0212120915497D
:101828001944A8291ED9144B13449B000366134B73
:10183800436602F01F020123934083667047DBB2C0
:10184800083B0F4AA2FB03230E4A02EB1312920035
:1018580002660D4A4266C3F30413012202FA03F337
:10186800836670470832DEE7085402581C54025851
:10187800ABAAAAAAF0FBFDBF0082001080080240B4
:10188800CDCCCCCC009600168058025801794A1E5F
:10189800072A2BD830B40368154D164CA34218BF3D
:1018A800AB4218D01434A34215D01434A34212D03A
:1018B8001434A3420FD01434A3420CD01434A342DE
:1018C80009D01434A34206D00B4B0B449B00C366CB
:1018D8000A4B036705E00A4B0B449B00C366094BA0
:1018E800036701239340436730BC7047704700BFCC
:1018F800085402581C5402583F8200104009024004
:101908003F9600164059025870B50446FEF7D8FEB7
:10191800002C00F0B981054623685349534A934285
:1019280018BF8B420CBF0121002150D018329342BE
:101938004DD0183293424AD01832934247D01832C9
:10194800934244D01832934241D0183293423ED049
:1019580002F5567293423AD01832934237D0183271
:10196800934234D01832934231D0183293422ED059
:10197800183293422BD01832934228D0183293420F
:1019880025D03B493B4A934218BF8B4200F0348133
:10199800394A934200F030811432934200F02C818E
:1019A8001432934200F028811432934200F02481CB
:1019B8001432934200F020811432934200F01C81CB
:1019C80040236365032384F8353001204AE0002270
:1019D80084F83420022284F8352079BB274A9342C0
:1019E8002CD01832934229D01832934226D018327C
:1019F800934223D01832934220D0183293421DD0FC
:101A080002F55672934219D01832934216D0183202
:101A1800934213D01832934210D0183293420DD00B
:101A2800183293420AD01832934207D018329342A0
:101A380004D01A6822F001021A6003E01A6822F042
:101A480001021A6023681A6812F0010F18D0FEF715
:101A580037FE431B052BF5D920236365032384F840
:101A68003530012070BD00BF100002402800024040
:101A7800085402581C54025830540258400002407E
:101A88001A6882491140A268E0680243206902434B
:101A980060690243A0690243E0690243206A024385
:101AA8000A43616A042900F09880794909686FF34C
:101AB8000F01B1F1005F10D361682E2940F29280C6
:101AC80052290AD83F2908D33F39724820FA01F130
:101AD80011F0010F01D042F480121A60266875696E
:101AE80025F00705636A1D43042B08D1A36A1D432B
:101AF800E36A23B12046FFF729FE002876D17561F5
:101B08002046FFF7CBFDE36D03F01F023F23934010
:101B1800836023686049614A934218BF8B4242D070
:101B2800183293423FD0183293423CD01832934235
:101B380039D01832934236D01832934233D0183203
:101B4800934230D002F5567293422CD01832934209
:101B580029D01832934226D01832934223D0183213
:101B6800934220D0183293421DD0183293421AD093
:101B78001832934217D04A4A934214D014329342EF
:101B880011D0143293420ED0143293420BD0143237
:101B9800934208D01432934205D01432934202D0B3
:101BA8001432934213D12046FFF71AFEA368802B04
:101BB8005DD0236E22791A60636EA26E5A606368E4
:101BC800013B072B56D90023E36623676367002090
:101BD8006065012384F8353044E7E16A206B0143EE
:101BE8000A4362E72929FFF478AF74E74023636565
:101BF800012084F8350035E7002284F834200222D9
:101C080084F8352019686FF31011A268402A2CD087
:101C1800802A27D00022E06842EAD002206942EAFE
:101C2800D002606942EAD002A06942EAD002E069C3
:101C380042EAD002206A42EA10120A431A60226875
:101C4800184B1344184AA2FB03231B099B00E365A6
:101C58002046FFF723FDE26D02F01F0101228A40B2
:101C6800426056E74FF48042D5E71022D3E70023BD
:101C780063609EE72046FFF709FEE36E00221A60C4
:101C8800236F626F5A60A2E70120EBE63F8010FEE7
:101C98000010005C0F030F001000024028000240F3
:101CA80008540258F8ABFDA7CDCCCCCC002800F0E6
:101CB8003E8170B5044690F83400012800F039815F
:101CC800012084F8340094F83500C0B2012807D008
:101CD800002384F834304FF400636365012070BD3D
:101CE800022084F83500002060652068924E934DEC
:101CF800A84218BFB0422FD01835A8422CD01835AA
:101D0800A84229D01835A84226D01835A84223D091
:101D18001835A84220D01835A8421DD005F55675AB
:101D2800A84219D01835A84216D01835A84213D0A1
:101D38001835A84210D01835A8420DD01835A84239
:101D48000AD01835A84207D01835A84204D005682B
:101D580025F00105056003E0056825F0010505602B
:101D68002046FFF7C1FB23687349744A934218BFA2
:101D78008B4238D01832934235D01832934232D041
:101D8800183293422FD0183293422CD018329342F3
:101D980029D01832934226D002F55672934222D0A7
:101DA800183293421FD0183293421CD018329342F3
:101DB80019D01832934216D01832934213D01832E1
:101DC800934210D0183293420DD01A6822F00E02B6
:101DD80042F00A021A60236C93B12268136843F038
:101DE800040313600CE01A6822F01E0242F0160287
:101DF8001A60236C23B12268136843F00803136048
:101E080023684D494D4A934218BF8B4242D018323D
:101E180093423FD0183293423CD01832934239D083
:101E28001832934236D01832934233D01832934244
:101E380030D002F5567293422CD01832934229D0F2
:101E48001832934226D01832934223D01832934244
:101E580020D0183293421DD0183293421AD018322B
:101E6800934217D0364A934214D01432934211D079
:101E7800143293420ED0143293420BD01432934250
:101E880008D01432934205D01432934202D014324F
:101E980093420ED1236E1A6812F4803F03D01A6859
:101EA80042F480721A60E36E1BB11A6842F48072C1
:101EB8001A6023682049214A934218BF8B4230D0C8
:101EC800183293422DD0183293422AD018329342B6
:101ED80027D01832934224D01832934221D0183296
:101EE80093421ED002F5567293421AD0183293428A
:101EF80017D01832934214D01832934211D01832A6
:101F080093420ED0183293420BD01832934208D025
:101F18001832934205D01A6842F001021A60002074
:101F2800DDE61A6842F001021A600020D7E60120B7
:101F380070470220D3E600BF10000240280002408C
:101F48000854025870B50446FEF7BAFB002C00F09E
:101F58009181054694F83530DBB2022B06D08023F8
:101F68006365002384F83430012070BD23688C49F0
:101F78008C4A934218BF8B4230D0183293422DD0EE
:101F8800183293422AD01832934227D018329342FB
:101F980024D01832934221D0183293421ED002F531
:101FA800567293421AD01832934217D0183293427D
:101FB80014D01832934211D0183293420ED01832EE
:101FC80093420BD01832934208D01832934205D06E
:101FD8001A6822F00E021A60266809E01A6822F0D0
:101FE8001E021A602268536923F080035361266831
:101FF80023686B496B4A934218BF8B4242D0183210
:1020080093423FD0183293423CD01832934239D091
:102018001832934236D01832934233D01832934252
:1020280030D002F5567293422CD01832934229D000
:102038001832934226D01832934223D01832934252
:1020480020D0183293421DD0183293421AD0183239
:10205800934217D0544A934214D01432934211D069
:10206800143293420ED0143293420BD0143293425E
:1020780008D01432934205D01432934202D014325D
:10208800934204D1226E136823F48073136023688B
:102098004349444A934218BF8B422FD01832934287
:1020A8002CD01832934229D01832934226D01832B5
:1020B800934223D01832934220D0183293421DD035
:1020C80002F55672934219D01832934216D018323C
:1020D800934213D01832934210D0183293420DD045
:1020E800183293420AD01832934207D018329342DA
:1020F80004D01A6822F001021A6003E01A6822F07C
:1021080001021A60336813F0010F0ED0FEF7D8FAF7
:10211800431B052BF6D920236365002384F834304C
:10212800032384F8353001201FE723681C491D4A22
:10213800934218BF8B4239D01832934236D01832A6
:10214800934233D01832934230D0183293422DD074
:10215800183293422AD01832934227D002F5567289
:10216800934223D01832934220D0183293421DD084
:10217800183293421AD01832934217D01832934229
:1021880014D01832934211D0183293420ED0A16D58
:10219800E36D03F01F02012393404B600DE000BF85
:1021A800100002402800024008540258A16DE36D57
:1021B80003F01F023F2393408B6023682E492F4A68
:1021C800934218BF8B4242D0183293423FD0183204
:1021D80093423CD01832934239D01832934236D0C9
:1021E8001832934233D01832934230D002F55672E7
:1021F80093422CD01832934229D01832934226D0D9
:102208001832934223D01832934220D01832934286
:102218001DD0183293421AD01832934217D0184A58
:10222800934214D01432934211D0143293420ED0F8
:10223800143293420BD01432934208D01432934292
:1022480005D01432934202D0143293420BD1636EFC
:10225800A26E5A60E36E33B11A6822F480721A6073
:10226800236F626F5A60002084F83400012384F8D9
:1022780035307AE6012078E6100002402800024056
:1022880008540258002800F0288108B5024690F842
:102298003530DBB2022B03D080234365012008BD13
:1022A8000368904890498B4218BF83420CBF0120B5
:1022B800002065D018318B4262D018318B425FD034
:1022C80018318B425CD018318B4259D018318B426F
:1022D80056D018318B4253D001F556718B424FD0EE
:1022E80018318B424CD018318B4249D018318B426F
:1022F80046D018318B4243D018318B4240D0183128
:102308008B423DD018318B423AD0196821F00E012A
:1023180019601368734874498B4218BF83426AD0A6
:1023280072498B4267D018318B4264D018318B4286
:1023380061D018318B425ED018318B425BD0183196
:102348008B4258D001F556718B4254D018318B42CC
:1023580051D018318B424ED018318B424BD01831A6
:102368008B4248D018318B4245D018318B4242D02D
:1023780018318B423FD0196821F0010119603EE005
:10238800042182F8351080BB584A93422DD0183268
:1023980093422AD01832934227D01832934224D03D
:1023A8001832934221D0183293421ED002F5567249
:1023B80093421AD01832934217D01832934214D04D
:1023C8001832934211D0183293420ED018329342E9
:1023D8000BD01832934208D01832934205D01A68AD
:1023E80022F001021A60002059E71A6822F001025F
:1023F8001A60002053E7196821F001011960136879
:10240800384839498B4218BF834242D018318B4231
:102418003FD018318B423CD018318B4239D018311B
:102428008B4236D018318B4233D018318B4230D0A2
:1024380001F556718B422CD018318B4229D01831B6
:102448008B4226D018318B4223D018318B4220D0B2
:1024580018318B421DD018318B421AD018318B425B
:1024680017D023498B4214D014318B4211D0143128
:102478008B420ED014318B420BD014318B4208D0D2
:1024880014318B4205D014318B4202D014318B4267
:1024980017D1116E0B6823F480730B60906DD36DA8
:1024A80003F01F0101238B404360536E916E596006
:1024B800D36E33B1196821F480711960136F516FAD
:1024C8005960002382F83430012382F83530136DC7
:1024D8002BB1104698470020E1E601207047002004
:1024E800DDE600BF10000240280002404000024024
:1024F80008540258F0B583B00446002301937D4B7D
:102508001D687D4BA3FB0535AD0A876D3E68D7F87E
:1025180000C0036879497A48834218BF8B420CBFD0
:102528000120002061D0774A93425ED0183293424E
:102538005BD01832934258D01832934255D0183293
:10254800934252D0183293424FD002F556729342BA
:102558004BD01832934248D01832934245D01832A3
:10256800934242D0183293423FD0183293423CD023
:102578001832934239D01832934236D06249634AAE
:10258800934218BF8B4212D0614A93420FD0143243
:1025980093420CD01432934209D01432934206D09D
:1025A8001432934203D01432934240F061821A6885
:1025B800E16D01F01F010420884010EA0C0F00F0C3
:1025C800A78212F0040F00F0A382786012F4004F83
:1025D80000F05A8212F4803F40F05082A36C002B26
:1025E80000F046822046984742E2E26D02F01F0161
:1025F80008228A40324241D070BB424A93422BD0D3
:102608001832934228D01832934225D01832934278
:1026180022D0183293421FD0183293421CD002F5B0
:102628005672934218D01832934215D018329342FA
:1026380012D0183293420FD0183293420CD018326D
:10264800934209D01832934206D01832934203D0ED
:102658001A68C2F3C00202E01A68C2F380026AB1C3
:102668001A6822F004021A60E36D03F01F020823BF
:102678009340BB60636D43F001036365E26D02F054
:102688001F0226FA02F313F0010F47D023681B48F4
:102698001B498B4218BF83423CD018318B4239D03A
:1026A80018318B4236D018318B4233D018318B42D7
:1026B80030D018318B422DD018318B422AD001F5F9
:1026C80056718B4226D018318B4223D018318B4259
:1026D80020D018318B421DD018318B421AD01831B6
:1026E8008B4217D018318B4214D018318B4211D03D
:1026F8001B6813E014000020B5814E1B1000024037
:102708002800024040000240085402581C54025855
:10271800305402585B6913F0800F3BD1E36D03F02E
:102728001F03042202FA03F333423FD0226896487B
:1027380096498A4218BF824234D018318A4231D031
:1027480018318A422ED018318A422BD018318A4249
:1027580028D018318A4225D018318A4222D001F572
:1027680056718A421ED018318A421BD018318A42CB
:1027780018D018318A4215D018318A4212D018312F
:102788008A420FD018318A420CD018318A4209D0B7
:1027980013680BE001239340BB60636D43F00203B1
:1027A8006365BBE7126812F0020F3DD1E36D03F0D9
:1027B8001F03102202FA03F333425FD022687248E3
:1027C80072498A4218BF824234D018318A4231D0C5
:1027D80018318A422ED018318A422BD018318A42B9
:1027E80028D018318A4225D018318A4222D001F5E2
:1027F80056718A421ED018318A421BD018318A423B
:1028080018D018318A4215D018318A4212D018319E
:102818008A420FD018318A420CD018318A4209D026
:102828001268C2F3800208E0BB60636D43F00403E2
:102838006365BBE71268C2F3C002FAB1BB602368E4
:102848001A6812F4802F0DD01B6813F4002F04D1DE
:10285800236C9BB12046984710E0A36C73B12046C7
:1028680098470BE01A6812F4807F03D11A6822F0A7
:1028780008021A60236C0BB120469847E36D03F0F9
:102888001F03202202FA03F3334200F093802268E8
:102898003D483E498A4218BF82422ED018318A42AA
:1028A8002BD018318A4228D018318A4225D01831C5
:1028B8008A4222D018318A421FD018318A421CD04D
:1028C80001F556718A4218D018318A4215D018314C
:1028D8008A4212D018318A420FD018318A420CD05D
:1028E80018318A4209D018318A4206D018318A42F2
:1028F80003D01268C2F3400202E01268C2F3001269
:10290800002A57D0BB6094F83530DBB2042B0ED0C8
:1029180023681A6812F4802F3AD01B6813F4002F2A
:102928002DD1636C002B45D02046984742E02268A1
:10293800136823F0160313602268536923F0800399
:102948005361236CBBB12268136823F0080313603A
:10295800E36D03F01F023F239340BB60002384F81C
:102968003430012384F83530236D002B00F080804B
:10297800204698477CE0A36C002BE4D1E8E7E36BA2
:10298800C3B12046984715E01000024028000240D5
:102998001A6812F4807F09D11A6822F010021A60AE
:1029A800002384F83430012384F83530E36B0BB10D
:1029B80020469847636D002B5AD0636D13F0010FC2
:1029C80052D0042384F8353023689649964A9342B6
:1029D80018BF8B422FD0183293422CD01832934212
:1029E80029D01832934226D01832934223D0183275
:1029F800934220D0183293421DD002F5567293426A
:102A080019D01832934216D01832934213D0183284
:102A1800934210D0183293420DD0183293420AD004
:102A28001832934207D01832934204D01A6822F021
:102A380001021A6003E01A6822F001021A60019B81
:102A480001330193AB4204D823681B6813F0010FCC
:102A5800F5D1002384F8343023681B6813F0010F84
:102A680008D0032384F83530E36C0BB1204698472F
:102A780003B0F0BD012384F83530F5E7236C002B53
:102A8800F6D020469847F3E712F0200F3AD1236892
:102A98006449654A934218BF8B422FD0183293423B
:102AA8002CD01832934229D01832934226D01832AB
:102AB800934223D01832934220D0183293421DD02B
:102AC80002F55672934219D01832934216D0183232
:102AD800934213D01832934210D0183293420DD03B
:102AE800183293420AD01832934207D018329342D0
:102AF80004D01A6822F004021A6003E01A6822F06F
:102B080008021A60236C002BB2D020469847AFE722
:102B18000220884010EA0C0F60D012F0020F5DD03E
:102B2800786012F4004F0ED012F4803F05D1636C28
:102B3800002B9DD0204698479AE7E36B002B97D04F
:102B48002046984794E712F0200F40D12368354972
:102B5800354A934218BF8B422FD0183293422CD05B
:102B68001832934229D01832934226D01832934211
:102B780023D01832934220D0183293421DD002F548
:102B88005672934219D01832934216D01832934293
:102B980013D01832934210D0183293420DD0183205
:102BA80093420AD01832934207D01832934204D085
:102BB8001A6822F00A021A6003E01A6822F0140266
:102BC8001A60002384F83430012384F83530E36B2D
:102BD800002B3FF44DAF2046984749E7082000FAFC
:102BE80001F111EA0C0F3FF443AF12F0080F3FF464
:102BF8003FAF1A6822F00E021A60E36D03F01F035C
:102C0800012202FA03F37B606265002384F8343002
:102C180084F83520E36C002B3FF42AAF2046984710
:102C280026E700BF1000024028000240406D7047B0
:102C3800F0B583B0002340E0092400E0002404FA42
:102C48000CF434430235764E46F825404FF0B04434
:102C5800D4F88050D44325EA02064F6817F4803F21
:102C680001D042EA05064FF0B045C5F88060D5F8B6
:102C7800845004EA05064F6817F4003F01D042EA81
:102C880005064FF0B045C5F884602D6804EA0506CE
:102C98004F6817F4801F01D042EA05064FF0B0458F
:102CA8002E606D682C404E6816F4001F01D042EA71
:102CB80005044FF0B042546001330A6832FA03F455
:102CC80000F0AB804FF0010C0CFA03FC1CEA020286
:102CD800F2D04C68651E112C18BF012D01D9122C99
:102CE80012D185685E000324B44025EA0405CC6847
:102CF800B4402C438460456825EA0C054C68C4F34D
:102D080000149C402C434460C5684FEA430E0324DA
:102D180004FA0EF46FEA040C25EA04058C6804FA38
:102D28000EF42C43C4604C68122C18BF022C0FD12F
:102D3800DD08083550F8257003F00706B6000F24A3
:102D4800B44027EA04070C69B4403C4340F82540E6
:102D580004680CEA040C4C6804F0030404FA0EF44A
:102D680044EA0C0404604C6814F0805FA4D02D4C35
:102D7800D4F8F45045F00205C4F8F450D4F8F440FF
:102D880004F002040194019C9D08AE1C244C54F8E4
:102D9800266003F0030C4FEA8C0C0F2404FA0CF4A1
:102DA80026EA0406204CA0423FF448AF04F58064AC
:102DB800A04222D004F58064A04220D004F58064AB
:102DC800A0421ED004F58064A0421CD004F58064A3
:102DD800A0421AD004F58064A04218D004F580649B
:102DE800A04216D004F58064A04214D004F5806493
:102DF800A0423FF421AF0A2421E701241FE702245F
:102E08001DE703241BE7042419E7052417E7062414
:102E180015E7072413E7082411E703B0F0BD00BF46
:102E2800000400580044025800000258036919427F
:102E380001D001207047002070470AB181617047B6
:102E480009048161704710B40468226822F00702FF
:102E58008B68134323F01803CA681A432260036877
:102E68000A685A6103684A689A615DF8044B7047BA
:102E780030B5046801F1010C4FEACC1C54F80C3051
:102E880023F0070E936843EA0E0323F01803D5686E
:102E98002B4344F80C300368146803EBC113C3F8E0
:102EA80094400368526803EBC113C3F8982030BDFF
:102EB800F0B4046804EBC115D5F8E460D5F8B8504F
:102EC800202A13D8022A0DD3023A4FF0010C0CFA2B
:102ED80002F22F4F3A4216D144F204073A4221D166
:102EE80000222BE0012A1DD0002227E0B2F5807FC6
:102EF80018D005D8402A15D0802A04D000221DE019
:102F0800B2F5007F0CD15A6804EBC114C4F8C42090
:102F180002689C6802EBC112C2F8C84010220DE09A
:102F280000220BE05A6804EBC114C4F8BC20026804
:102F38009C6802EBC112C2F8C0400022FE249440F3
:102F480026EA04061C68944044EA060CDC689440AF
:102F580044EA0C041E6906FA02FC4CEA040C5C699B
:102F6800944044EA0C0C9C69944044EA0C04082EF2
:102F780006D0036803EBC113C3F8E440F0BC704704
:102F880015F0022FF5D1DB6993401C43F1E700BF30
:102F980041000040002864D010B582B004460223E6
:102FA80080F8C1300023C0F8C430C0F8C830C0F879
:102FB800CC30C0F8D030C0F8D430C0F8D8308368EE
:102FC80013F0010F12D00268274B9A4225D02168CE
:102FD8000A6822F44042236903F44043134323F46C
:102FE8004053626902F440521A430A60204608F0CE
:102FF80083FEA36813F0020F08D021680A6822F440
:103008004072E36803F4407313430B60012384F8B0
:10301800C130002384F8C0301EE0144BD3F8F020F0
:1030280042F00052C3F8F020D3F8F03003F0005318
:103038000193019BCBE7C3EBC30204EB820200219F
:103048009161D161116251629162C3EBC30204EBD9
:10305800820211630133DBB2052BECD9002002B0E8
:1030680010BD0120704700BF0074014000440258A1
:1030780010B5044690F8C100C0B202280BD0022354
:1030880084F8C130052907D02046FFF7F1FE012357
:1030980084F8C130002010BD11462046FFF7D3FE4A
:1030A800F5E7000070B588B0044690F8C100C0B2DA
:1030B800022851D00E4694F8C010012963D001218E
:1030C80084F8C010022184F8C110202A46D88A4208
:1030D80012D3901E012181402D4801424AD144F269
:1030E800040001420AD1002101910291072084F8CD
:1030F800C10084F8C01009E0012AF4D121681868D9
:1031080001EBC611C1F89C000821019194F8C11087
:10311800C9B2072939D0596801F0020100919B68AA
:1031280003F0080304930025059503950695079574
:10313800042302936B4631462046FFF7B9FE226806
:103148000136F601935943F000639351012384F843
:10315800C13084F8C050284608B070BDB2F5807FF1
:10316800CCD004D8402AC9D0802A03D0BBE7B2F516
:10317800007FB8D12168186801EBC611C1F8A40016
:1031880010210191C2E70220E6E70120E4E700BF31
:103198004100004003689A6912F0020F01D0002232
:1031A8009A6203689A6912F0010F03D19A6942F092
:1031B80001029A61704730B4029D046860684FEA62
:1031C800555C0CF4806C4CF07F7C4CF4583C4CF40F
:1031D8007F7C4CF0030C20EA0C00C1F3090141EAA2
:1031E8000241194329430843606030BC7047F8B571
:1031F80005460E46174603689B6913F0100F01D168
:103208000020F8BD2B689C6914F0200F17D1B6F187
:10321800FF3FF7D0FDF754FAC01BB04201D8002E8B
:10322800F0D16B6C43F020036B64202385F84130A8
:10323800002385F8423085F840300120E1E710226C
:10324800DA612B682024DC612846FFF7A3FF2A688F
:10325800536823F0FF7323F48B3323F4FF7323F0B5
:10326800010353606B6C43F004036B6485F84140C1
:10327800002385F8423085F840300120C1E770B559
:1032880004460D46164623689B6913F0020F1DD1AC
:10329800324629462046FFF7AAFFC8B9B5F1FF3FD5
:1032A800F1D0FDF70DFA801BA84201D8002DEAD114
:1032B800636C43F020036364202384F841300023C7
:1032C80084F8423084F84030012000E0002070BDCE
:1032D8000120FCE72DE9F0410646884617461D46C1
:1032E8003468A46938EA04040CBF01240024BC42F1
:1032F80018D1B5F1FF3FF3D0FDF7E2F9069BC01AEC
:10330800A84201D8002DEBD1736C43F020037364FD
:10331800202386F84130002386F8423086F8403072
:10332800012000E00020BDE8F08170B505460C469C
:1033380016462B689B6913F0200F1AD13246214696
:103348002846FFF754FFB0B9FDF7BAF9801BA04231
:1033580001D8002CEDD16B6C43F020036B64202363
:1033680085F84130002385F8423085F84030012047
:1033780070BD0020FCE70120FAE70000002857D0C4
:1033880010B5044690F84130002B41D0242384F82E
:1033980041302268136823F00103136063682268D0
:1033A80023F0706313612268936823F400439360E9
:1033B800E368012B31D0A368226843F40443936087
:1033C800E368022B2FD0226851681A4B0B435360D5
:1033D8002268D36823F40043D360236962691343E6
:1033E800A169226843EA0123D360E369216A22685C
:1033F8000B4313602268136843F001031360002035
:103408006064202384F84130206384F8420010BDB2
:1034180080F8403008F092FDB8E7A368226843F4CA
:1034280000439360CCE723684FF400625A60CAE710
:1034380001207047008000022DE9F04782B00F4656
:103448000A9E90F84110C9B2202940F0A380044692
:103458009046994690F84030012B00F09F804FF03D
:10346800010A80F840A0FDF72BF9054600901923C2
:1034780052464FF400412046FFF72CFF002840F049
:103488008F80212384F84130102384F842300023B0
:103498006364C4F82480A4F82A906363638D9BB2A4
:1034A800FF2B0AD9FF222285414B00934FF08073EE
:1034B80039462046FFF77FFE18E0628D92B22285DA
:1034C8003B4B00934FF00073D2B239462046FFF7CA
:1034D80072FE0BE0628D92B22285002300934FF0BA
:1034E8000073D2B239462046FFF765FE638D9BB262
:1034F800002B33D02A4631462046FFF7C0FE00286D
:1035080050D1626A236812789A62636A01336362EF
:10351800638D9BB2013B9BB26385238D013B9BB2BC
:103528002385628D92B2002AE0D0002BDED100956F
:103538003346002280212046FFF7CCFEA0BB638DD6
:103548009BB2FF2BC6D9FF222285002300934FF0A0
:10355800807339462046FFF72EFEC7E72A463146D4
:103568002046FFF7E2FE08BB23682022DA612168C3
:103578004B6823F0FF7323F48B3323F4FF7323F09A
:1035880001034B6084F84120002384F8423084F81A
:10359800403000E0022002B0BDE8F0870220FAE7E0
:1035A8000120F8E70120F6E70120F4E70120F2E71F
:1035B80000200080034690F84120D2B2202A23D16F
:1035C80090F84020012A21D0012280F840202422AE
:1035D80080F841200068026822F001020260186841
:1035E800026822F480520260186802681143016080
:1035F80019680A6842F001020A60202283F8412013
:10360800002083F84000704702207047022070476E
:10361800034690F84120D2B2202A21D190F84020C8
:10362800012A1FD0012280F84020242280F841205E
:103638000068026822F0010202601868026822F439
:10364800706242EA0122026019680A6842F00102C7
:103658000A60202283F84120002083F84000704748
:103668000220704702207047C368016902680B4353
:10367800D360436982691343C2691343026A1343DF
:10368800426A1343C26A1343026B1343826A013AC4
:1036980043EA8243816802680B4313614368B3F1CC
:1036A800804F1BD0036800225A61436B93421BDB97
:1036B80002689BB21362836B002B20DB01680A6AE5
:1036C80042EA03430B624368B3F1804F24D0026897
:1036D800DBB29362036800225A627047026813697A
:1036E80043F040431361DDE70268536943F48023E4
:1036F8005361436B5B4202689BB21362DBE702686B
:10370800536943F400235361836B5A4201680B6A7F
:1037180043EA02430B62D6E7036800229A62D9E7BC
:1037280038B50446FCF7CCFF44B30546002384F8BB
:103738003C30022384F83D302268D36823F001032B
:10374800D3602368DB6813F0010F0BD0FCF7B8FFD8
:10375800431B052BF5D94023A366032384F83D308A
:1037680001200AE02046FFF77FFF0020E065206681
:103778006066A066012384F83D3038BD0120FCE76F
:10378800134BDB6813F0040F07D1114BDB6803F010
:10379800070383421AD00120704710B50C4AD3683A
:1037A80023F007030343D360FCF78AFF0446084B62
:1037B8005B6813F4005F07D1FCF782FF001BB0F5CC
:1037C8007A7FF4D9012000E0002010BD0020704766
:1037D80000480258002800F0D88238B5044603682B
:1037E80013F0010F25D09D4A136903F03803926A3C
:1037F800102B15D0182B0FD06368B3F5803F3ED03F
:10380800002B52D1954B1A6822F480321A601A683C
:1038180022F480221A6037E002F00302022AEBD178
:103828008E4B1B6813F4003F03D06368002B00F035
:10383800AE82236813F0020F77D0884A1369926A20
:1038480013F038035AD0182B55D0E368002B00F03A
:10385800B28082490A6822F0190213430B60FCF710
:103868002FFF05467D4B1B6813F0040F40F08B803B
:10387800FCF726FF401B0228F4D903208EE2774A82
:10388800136843F48033136063682BB3FCF718FFA5
:103898000546724B1B6813F4003FCAD1FCF710FFB2
:1038A800401B6428F5D9032078E2B3F5A02F09D08E
:1038B8006A4B1A6822F480321A601A6822F480224D
:1038C8001A60E1E7654B1A6842F480221A601A68A8
:1038D80042F480321A60D7E7FCF7F2FE05465F4BE8
:1038E8001B6813F4003FA4D0FCF7EAFE401B6428D1
:1038F800F5D9032052E212F0030FA6D1574B1B68EB
:1039080013F0040F03D0E368002B00F04282FCF7A9
:10391800F1FE41F2030398422CD8504A536823F42D
:103928007C33216943EA01335360236813F0100F95
:1039380070D04A4A136903F03803926A082B52D0B0
:10394800182B4CD0E369002B00F0A280434A13687F
:1039580043F080031360FCF7B3FE05463F4B1B683A
:1039680013F4807F7CD1FCF7ABFE401B0228F5D90D
:10397800032013E2394A536823F0FE43216943EADE
:1039880001635360D1E7FCF7B5FE41F203039842A7
:1039980008D8324A536823F47C33216943EA013357
:1039A8005360C2E72D4A536823F0FE43216943EA76
:1039B80001635360B9E7294A136823F001031360D0
:1039C800FCF77EFE0546254B1B6813F0040FACD0B0
:1039D800FCF776FE401B0228F5D90320DEE102F051
:1039E8000302012AAED11D4B1B6813F4807F03D05C
:1039F800E369802B40F0CF81FCF77CFE41F20303A2
:103A0800984222D8154A536823F0F843216A43EABA
:103A180081635360236813F0080F61D06369002B3A
:103A28004AD00E4A536F43F001035367FCF748FE30
:103A380005460A4B5B6F13F0020F51D1FCF740FEAD
:103A4800401B0228F5D90320A8E1044AD36823F0D3
:103A58007C53216A43EA0163D360DBE700440258E0
:103A6800FCF748FE41F20303984208D8814A53689C
:103A780023F0F843216A43EA81635360CAE77D4A29
:103A8800D36823F07C53216A43EA0163D360C1E71A
:103A9800784A136823F080031360FCF711FE05468B
:103AA800744B1B6813F4807FB4D0FCF709FE401BED
:103AB8000228F5D9032071E16E4A536F23F0010300
:103AC8005367FCF7FDFD05466A4B5B6F13F0020F69
:103AD80006D0FCF7F5FD401B0228F5D903205DE16F
:103AE800236813F0200F29D0A3699BB1614A13689A
:103AF80043F480531360FCF7E3FD05465D4B1B68F8
:103B080013F4005F1AD1FCF7DBFD401B0228F5D93E
:103B1800032043E1574A136823F480531360FCF7EA
:103B2800CFFD0546534B1B6813F4005F06D0FCF726
:103B3800C7FD401B0228F5D903202FE1236813F0A5
:103B4800040F21D1636A002B00F02781494A1269CA
:103B580002F03802182A00F0EF80022B75D0454A8F
:103B6800136823F080731360FCF7AAFD0446414BE9
:103B78001B6813F0007F00F0DD80FCF7A1FD001B3F
:103B88000228F4D9032009E13B4A136843F48073FF
:103B98001360FCF795FD0546374B1B6813F4807FCF
:103BA80006D1FCF78DFD401B6428F5D90320F5E00C
:103BB800A368012B0AD00BBB2E4B1A6F22F001020F
:103BC8001A671A6F22F004021A6704E0294A136F71
:103BD80043F001031367A36833B3FCF771FD05468F
:103BE800244B1B6F13F0020FACD1FCF769FD401B8F
:103BF80041F288339842F3D90320CFE0052B09D04E
:103C08001C4B1A6F22F001021A671A6F22F0040285
:103C18001A67E0E7174B1A6F42F004021A671A6F27
:103C280042F001021A67D6E7FCF74AFD0546114B38
:103C38001B6F13F0020F85D0FCF742FD401B41F2C9
:103C480088339842F3D90320A8E00A4A136823F07E
:103C580080731360FCF734FD0546064B1B6813F0B0
:103C6800007F0BD0FCF72CFD401B0228F5D9032060
:103C780094E000BF00440258004802584F4B996A2C
:103C88004F4A0A40A16AE06A41EA00110A439A626F
:103C9800226B013AC2F30802616B0139490289B209
:103CA8000A43A16B0139090401F4FE010A43E16BDF
:103CB8000139090601F0FE410A431A63DA6A22F063
:103CC8000102DA625A6B6FF3CF02A16C42EAC102B9
:103CD8005A63DA6A22F00C02216C0A43DA62DA6A61
:103CE80022F00202616C0A43DA62DA6A42F4803234
:103CF800DA62DA6A42F40032DA62DA6A42F480227C
:103D0800DA62DA6A42F00102DA621A6842F0807214
:103D18001A60FCF7D5FC0446284B1B6813F0007F9B
:103D280006D1FCF7CDFC001B0228F5D9032035E0AD
:103D3800002033E0002031E0204A916A106B012B0B
:103D48002DD001F00303A26A93422AD1C1F30511D1
:103D5800E36A994227D1C0F30802236B013B9A42D8
:103D680023D1C0F34622636B013B9A421FD1C0F3B3
:103D78000642A36B013B9A421BD1C0F30660E36B7A
:103D8800013B984217D1002008E00120704701202C
:103D980004E0012002E0012000E0002038BD0120FD
:103DA800FCE70120FAE70120F8E70120F6E7012007
:103DB800F4E70120F2E70120F0E700BF00440258D1
:103DC8000CFCFFFF754B1B6903F03803102B00F048
:103DD800DE80182B0FD0002B40F0DB806F4B1B6868
:103DE80013F0200F00F0D7806C4B1B68C3F3C1039E
:103DF8006B48D840704710B4684B9A6A02F00302C7
:103E08009C6AC4F30510D96A01F001015B6BC3F326
:103E1800CC0301FB03F307EE903AF8EE677A14F44B
:103E28007C7F77D0012A4AD0022A76D0002A40F037
:103E380091805A4B1B6813F0200F23D057490A680A
:103E4800C2F3C102564BD34007EE103AF8EE476A68
:103E580007EE100AB8EE476A86EE867A0B6BC3F354
:103E6800080306EE903AF8EE666A9FED4E6A67EE32
:103E7800867A76EEA77AF7EE006A77EEA67A27EECC
:103E8800277A38E007EE100AF8EE476A9FED466A8F
:103E980086EE267A414B1B6BC3F3080306EE903A75
:103EA800F8EE666A9FED3F6A67EE867A76EEA77A45
:103EB800F7EE006A77EEA67A27EE277A1BE007EE80
:103EC800100AF8EE476A9FED396A86EE267A334B78
:103ED8001B6BC3F3080306EE903AF8EE666A9FED93
:103EE800316A67EE867A76EEA77AF7EE006A77EEA1
:103EF800A67A27EE277A294B1B6BC3F34623013397
:103F080007EE903AF8EE677AC7EE276AFCEEE67A93
:103F180017EE900A5DF8044B704707EE100AF8EEAA
:103F2800476A9FED236A86EE267A1C4B1B6BC3F308
:103F3800080306EE903AF8EE666A9FED1A6A67EE95
:103F4800867A76EEA77AF7EE006A77EEA67A27EEFB
:103F5800277AD0E707EE100AF8EE476A9FED136A52
:103F680086EE267A0D4B1B6BC3F3080306EE903AD8
:103F7800F8EE666A9FED0B6A67EE867A76EEA77AA8
:103F8800F7EE006A77EEA67A27EE277AB3E70948B4
:103F98007047094870470248704700BF00440258FC
:103FA8000090D003000000390024744C0024744AA7
:103FB80020BCBE4B40787D0100093D00002800F080
:103FC800328170B50D4604469B4B1B6803F00F0306
:103FD8008B420BD2984A136823F00F030B431360EC
:103FE800136803F00F038B4240F01F81236813F01E
:103FF800040F0CD02269914B9B6903F070039A421D
:1040080005D98E498B6923F070031A438A612368A6
:1040180013F0080F0CD06269884BDB6903F070035A
:104028009A4205D98549CB6923F070031A43CA61BE
:10403800236813F0100F0CD0A269804BDB6903F4DE
:10404800E0639A4205D97D49CB6923F4E0631A43BA
:10405800CA61236813F0200F0CD0E269774B1B6A02
:1040680003F070039A4205D974490B6A23F0700370
:104078001A430A62236813F0020F0CD0E2686F4BF0
:104088009B6903F00F039A4205D96C498B6923F0A9
:104098000F031A438A61236813F0010F41D0674A5E
:1040A800936923F47063A1680B4393616368022BDF
:1040B8000AD0032B27D0012B2CD0604A126812F0AB
:1040C800040F06D10120ADE0126812F4003F00F0A1
:1040D800AE805A490A6922F0070213430B61FCF7C4
:1040E800EFFA0646554B1B6903F038036268B3EBD9
:1040F800C20F16D0FCF7E4FA801B41F288339842CD
:10410800F0D903208EE04D4A126812F0007FE0D10A
:10411800012087E0494A126812F4807FD9D1012032
:1041280080E0236813F0020F0CD0E268434B9B69D0
:1041380003F00F039A4205D240498B6923F00F031D
:104148001A438A613C4B1B6803F00F03AB420AD940
:10415800394A136823F00F032B431360136803F0E5
:104168000F03AB4265D1236813F0040F0CD022690A
:10417800324B9B6903F070039A4205D22F498B6931
:1041880023F070031A438A61236813F0080F0CD0D8
:1041980062692A4BDB6903F070039A4205D227490A
:1041A800CB6923F070031A43CA61236813F0100F18
:1041B8000CD0A269214BDB6903F4E0639A4205D273
:1041C8001E49CB6923F4E0631A43CA61236813F0DC
:1041D800200F0CD0E269194B1B6A03F070039A4256
:1041E80005D216490B6A23F070031A430A62FFF7D7
:1041F800E9FD12498B69C3F30323114AD35C03F029
:104208001F03D8408B6903F00F03D35C03F01F032F
:1042180020FA03F30B4A13600B4B18600B4B18681A
:10422800FCF7ECF970BD012070470120FAE7012086
:10423800F8E70120F6E700BF0020005200440258CA
:1042480034FE0008100000201400002004000020A4
:1042580008B5FFF7B7FD0B4A9369C3F303230A496F
:10426800CB5C03F01F0320FA03F3926902F00F02FC
:10427800885C00F01F0023FA00F0044A1060044A2A
:10428800136008BD0044025834FE000810000020E6
:1042980014000020404B9B6A03F00303032B79D0E2
:1042A80070B505460E463C4A136823F080631360D8
:1042B800FCF706FA0446384B1B6813F0006F06D06B
:1042C800FCF7FEF9031B022BF5D9032070BD324B16
:1042D8009A6A22F47C32296842EA01329A626A6850
:1042E800013AC2F30802A9680139490289B20A43AE
:1042F800E9680139090401F4FE010A432969013911
:10430800090601F0FE410A439A63DA6A22F0C00204
:1043180069690A43DA62DA6A22F02002A9690A4363
:10432800DA62DA6A22F01002DA62DA6B6FF3CF022D
:10433800E96942EAC102DA63DA6A42F01002DA6233
:10434800C6B91A46DB6A43F40023D362124A1368DB
:1043580043F080631360FCF7B3F904460E4B1B6807
:1043680013F0006F14D1FCF7ABF9001B0228F5D944
:104378000320ABE7012E05D0074AD36A43F40013A4
:10438800D362E3E7044AD36A43F48013D362DDE7D8
:1043980000209BE70120704700440258404B9B6A6D
:1043A80003F00303032B79D070B505460E463C4A4B
:1043B800136823F080531360FCF782F90446384BE6
:1043C8001B6813F0005F06D0FCF77AF9031B022B79
:1043D800F5D9032070BD324B9A6A22F07C722968A5
:1043E80042EA01529A626A68013AC2F30802A9686D
:1043F8000139490289B20A43E9680139090401F41B
:10440800FE010A4329690139090601F0FE410A4300
:104418001A64DA6A22F4406269690A43DA62DA6A7B
:1044280022F40072A9690A43DA62DA6A22F4807215
:10443800DA625A6C6FF3CF02E96942EAC1025A6440
:10444800DA6A42F48072DA62C6B91A46DB6A43F461
:104458008003D362124A136843F080531360FCF759
:104468002FF904460E4B1B6813F0005F14D1FCF7BC
:1044780027F9001B0228F5D90320ABE7012E05D048
:10448800074AD36A43F08073D362E3E7044AD36AE6
:1044980043F40003D362DDE700209BE70120704767
:1044A80000440258F8B50446036813F0006F30D092
:1044B800436EB3F5001F26D00ED8ABB1B3F5801FFD
:1044C80007D102210430FFF7E5FE054695B12E46D7
:1044D80021E0012635461EE0B3F5401F01D1002535
:1044E80008E00126354616E0954AD36A43F40033BE
:1044F800D3620025924A136D23F44013616E0B4377
:104508001365002607E002212430FFF747FF054620
:10451800DCE700263546236813F4807F14D0636DEA
:10452800042B2FD8DFE803F0032127080800844A6A
:10453800D36A43F40033D3623DBB814A136D23F041
:104548000703616D0B431365236813F4007F36D0AE
:10455800A36D802B47D01DD823B3402B17D1002142
:10456800201DFFF797FE054621E00021201DFFF7DB
:1045780091FE0546E0E7002104F12400FFF70EFF55
:104588000546D9E701263546DEE72E46DCE7012653
:10459800354614E0C02B0AD0B3F5807F07D001263A
:1045A80035460CE0664AD36A43F40033D3620DBB48
:1045B800634A136D23F4E073A16D0B4313652368FD
:1045C80013F4806F3BD0D4F8A430B3F5800F2ED00D
:1045D80015D8EBB1B3F5001F0ED10021201DFFF750
:1045E80059FE054619E0002104F12400FFF7D6FE24
:1045F8000546DCE72E46E2E7012635461FE0B3F51F
:10460800C00F0AD0B3F5000F07D00126354616E0D3
:104618004B4AD36A43F40033D3627DB9484A936D59
:1046280023F46003D4F8A4100B43936507E000213A
:1046380004F12400FFF7B2FE0546EEE72E46236894
:1046480013F4006F2AD0D4F8A830B3F1007F51D00A
:104658000CD8A3B1B3F1807F05D10021201DFFF74D
:1046680019FE054610E00126354617E0B3F1407FF4
:104678000AD0B3F1806F07D0012635460EE0304AE4
:10468800D36A43F40033D362002D3AD12C4A936D98
:1046980023F0E063D4F8A8100B439365236813F064
:1046A800007F13D0A36C202B35D02FD833B1102B1B
:1046B80029D1234AD36A43F40033D3628DBB204AFD
:1046C800D36C23F03003A16C0B43D364236813F439
:1046D800805F45D0E36DB3F5005F00F0898025D891
:1046E80083B3B3F5805F1ED10021201DFFF7D2FDF3
:1046F80005462CE0002104F12400FFF74FFE054693
:10470800C2E72E46CAE701263546DFE7302BD5D06B
:1047180001263546DAE70221201DFFF7BBFD0546D5
:10472800CCE72E46D2E70126354619E0B3F5405FBF
:104738000DD0B3F5804F0AD00126354610E000BFF2
:1047480000440258754AD36A43F40033D362002DFB
:1047580055D1724A136D23F4E043E16D0B431365A1
:10476800236813F4005F16D0236EB3F5003F57D0CB
:104778004AD83BB1B3F5803F43D10121201DFFF753
:1047880089FD0546002D52D1644A136D23F4E023B8
:10479800216E0B431365236813F4804F18D0D4F8A7
:1047A800AC30B3F1005F53D046D83BB1B3F1805F72
:1047B8003FD10121201DFFF76DFD0546002D4ED18B
:1047C800564A936D23F0E043D4F8AC100B4393653D
:1047D800236813F4004F51D0E36EB3F1805F40D0EB
:1047E800B3F1005F55D0002B40D00126354645E097
:1047F800002104F12400FFF7D1FD0546A7E72E4666
:10480800AEE701263546C6E7B3F5802FBAD0B3F533
:10481800A02FB7D0B3F5403FB4D001263546BAE74C
:10482800012104F12400FFF7B9FD0546AAE72E4649
:10483800B1E701263546CBE7B3F1804FBED0B3F1DF
:10484800A04FBBD0B3F1405FB8D001263546BFE7D3
:10485800012104F12400FFF7A1FD0546AEE72E462D
:10486800B6E72E4AD36A43F40033D362BDB92B4A64
:10487800136D23F04053E16E0B431365236813F067
:10488800807F1BD0636C032B42D8DFE803F00F0A4C
:104898003B0F0121201DFFF7FDFC0546E6E72E46EC
:1048A800ECE71E4AD36A43F40033D3629DBB1B4A2C
:1048B800D36C23F00303616C0B43D364236813F4B4
:1048C800800F2DD1236813F0010F00F0A480A36F8F
:1048D800282B00F29E80DFE803F08C9C9C9C9C9C1B
:1048E8009C9C879C9C9C9C9C9C9C959C9C9C9C9C1C
:1048F8009C9C8C9C9C9C9C9C9C9C8C9C9C9C9C9C10
:104908009C9C8C000221201DFFF7C4FC0546CDE7C6
:1049180001263546D2E72E46D0E700BF00440258AC
:10492800574A136843F480731360FBF7C9FE0746C0
:10493800534B1B6813F4807F05D1FBF7C1FEC01BE6
:104948006428F5D90325002D4AD14E4B1B6FD4F8A6
:10495800B020534013F4407F0CD04A4B1A6F22F416
:104968004072196F41F480311967196F21F4803151
:1049780019671A67D4F8B030B3F5807F15D08DBBAE
:10498800D4F8B03003F44072B2F5407F1ED03D4AEF
:10499800136923F47C5313613A490B6FD4F8B020A0
:1049A800C2F30B0213430B678CE7FBF789FE07463C
:1049B800344B1B6F13F0020FE1D1FBF781FEC01BD4
:1049C80041F288339842F3D90325D8E72D48026984
:1049D80022F47C522C4901EA131313430361DBE7E9
:1049E8002E466FE72E466DE70121201DFFF752FC8A
:1049F8000546E5B9234A536D23F03803A16F0B43ED
:104A0800536508E0012104F12400FFF7C7FC0546BF
:104A1800EFE701263546236813F0020F16D0636FBF
:104A2800052B28D8DFE803F00A05200A0A0A2E46D3
:104A3800F1E70121201DFFF72DFC0546F5B9114AC4
:104A4800536D23F00703616F0B435365236813F01D
:104A5800040F2BD0D4F89030052B00F2D780DFE874
:104A680003F01A15CE1A1A1A012104F12400FFF7CF
:104A780095FC0546E2E701263546E7E72E46E5E7D9
:104A88000048025800440258CFFFFF000121201DB2
:104A9800FFF700FC0546002D40F0BB80B74A936D38
:104AA80023F00703D4F890100B439365236813F0A1
:104AB800200F1CD0D4F88C30B3F1005F00F0BD801B
:104AC80000F2AC8043B1B3F1805F40F0A4800021D4
:104AD800201DFFF7DFFB0546002D40F0B580A74AF3
:104AE800536D23F0E043D4F88C100B4353652368CF
:104AF80013F0400F1CD0D4F89830B3F5006F00F0D5
:104B0800B78000F2A68043B1B3F5806F40F09E8075
:104B18000021201DFFF7BEFB0546002D40F0AF80A9
:104B2800964A936D23F4E053D4F898100B43936599
:104B3800236813F0800F1CD0D4F89C30B3F5804F55
:104B480000F0B18000F2A08043B1B3F5005F40F0FF
:104B580098800021201DFFF79DFB0546002D40F0A1
:104B6800A980864A936D23F46043D4F89C100B43C4
:104B78009365236813F0080F0DD0D4F88030B3F58F
:104B8800805F00F099807D4A536D23F44053D4F838
:104B980080100B435365236813F0100F0DD0D4F821
:104BA8009430B3F5807F00F09180744A936D23F4BC
:104BB8004073D4F894100B439365236813F4002FC3
:104BC80000F09980D4F8A030B3F5803F00F08880D9
:104BD800B3F5003F07D0002B40F089800021201D4D
:104BE800FFF758FB0546002D40F08480634A936D1B
:104BF80023F44033D4F8A0100B4393657BE00121E4
:104C080004F12400FFF7CAFB054644E701263546B0
:104C18004CE72E464AE70126354668E7B3F1804F50
:104C28003FF45AAFB3F1A04F3FF456AFB3F1405F32
:104C38003FF452AF0126354659E7022104F124001A
:104C4800FFF7ACFB054647E72E4650E701263546F9
:104C58006EE7B3F5805F3FF460AFB3F5A05F3FF454
:104C68005CAFB3F5406F3FF458AF012635465FE7B8
:104C7800022104F12400FFF791FB05464DE72E467B
:104C880056E70126354674E7B3F5004F3FF466AFA3
:104C9800B3F5204F3FF462AFB3F5C04F3FF45EAFBA
:104CA8000126354665E7022104F12400FFF776FB6B
:104CB800054653E72E465CE7022104F12400FFF77E
:104CC8006DFB00283FF45FAF01265CE7022104F189
:104CD8002400FFF763FB00283FF467AF012664E771
:104CE800022104F12400FFF759FB05467BE7012662
:104CF800354600E02E46236813F4802F18D0D4F8E8
:104D08008430B3F5001F1FD0B3F5401F07D0B3F5AB
:104D1800801F20D1194AD36A43F40033D362EDB916
:104D2800164A536D23F44013D4F884100B4353658B
:104D3800236813F4803F2AD0E36C8BB1B3F5803F2E
:104D48001ED00126354622E0012104F12400FFF798
:104D580025FB0546E3E701263546E9E72E46E7E762
:104D6800064AD36A43F40033D3627DB9034AD36C4D
:104D780023F48033E16C0B43D36408E00044025809
:104D88000221201DFFF786FA0546EEE72E46236826
:104D980013F0005F10D1236813F4003F26D0E36FAF
:104DA800B3F5807F14D010D9B3F5007F15D0B3F5D3
:104DB800407F12D0012619E0022104F12400FFF7F8
:104DC800EDFA0028E7D00126E5E733B101260DE02A
:104DD800214AD36A43F40033D362002D31D11E4AED
:104DE800536D23F44073E16F0B435365236813F449
:104DF800801F06D0184A136D23F00043216F0B4320
:104E08001365236813F4001F06D0134A136D23F0AB
:104E18008073A16E0B431365236813F0804F09D08C
:104E28000D4B1A6922F400421A611A69D4F8B810B5
:104E38000A431A612368002B05DB06B101263046B8
:104E4800F8BD2E46D2E7044AD36C23F04053216DB7
:104E58000B43D364F1E700BF0044025808B5FFF7DD
:104E6800F7F9054B1B6AC3F30213044AD35C03F03A
:104E78001F03D84008BD00BF0044025834FE000894
:104E880010B4794B9A6A9C6AC4F3053CD96AC1F399
:104E98000011DB6BC3F3CC0301FB03F314F47C3F79
:104EA80000F0DD8002F0030207EE903AF8EE677A30
:104EB800012A4BD0022A00F09880002A40F0B280E4
:104EC800694B1B6813F0200F23D067490A68C2F3A7
:104ED800C102664BD34007EE103AF8EE476A07EE78
:104EE80010CAB8EE476A86EE867A8B6BC3F308035E
:104EF80006EE903AF8EE666A9FED5D6A67EE867A8E
:104F080076EEA77AF7EE006A77EEA67A27EE277A8A
:104F180038E007EE10CAF8EE476A9FED566A86EE4B
:104F2800267A514B9B6BC3F3080306EE903AF8EED2
:104F3800666A9FED4F6A67EE867A76EEA77AF7EE95
:104F4800006A77EEA67A27EE277A1BE007EE10CAEA
:104F5800F8EE476A9FED486A86EE267A424B9B6BCD
:104F6800C3F3080306EE903AF8EE666A9FED406ACE
:104F780067EE867A76EEA77AF7EE006A77EEA67A7B
:104F880027EE277A384A936BC3F3462307EE903A05
:104F9800F8EE677AF7EE006A77EEA67A87EE276A68
:104FA800BCEEC66A80ED006A936BC3F3064307EE56
:104FB800903AF8EE677A77EEA67A87EE276ABCEE23
:104FC800C66A80ED016A936BC3F3066307EE903AF5
:104FD800F8EE677A77EEA67AC7EE276AFCEEE66AFD
:104FE800C0ED026A5DF8044B704707EE10CAF8EE90
:104FF800476A9FED226A86EE267A1B4B9B6BC3F3AA
:10500800080306EE903AF8EE666A9FED196A67EEB5
:10501800867A76EEA77AF7EE006A77EEA67A27EE1A
:10502800277AAFE707EE10CAF8EE476A9FED126AD3
:1050380086EE267A0C4B9B6BC3F3080306EE903A78
:10504800F8EE666A9FED0A6A67EE867A76EEA77AC8
:10505800F7EE006A77EEA67A27EE277A92E7002322
:10506800036043608360BDE7004402580090D003AA
:10507800000000390024744C0024744A20BCBE4B44
:1050880010B4794B9A6A9C6AC4F3055CD96AC1F377
:1050980000215B6CC3F3CC0301FB03F314F07C7FAA
:1050A80000F0DD8002F0030207EE903AF8EE677A2E
:1050B800012A4BD0022A00F09880002A40F0B280E2
:1050C800694B1B6813F0200F23D067490A68C2F3A5
:1050D800C102664BD34007EE103AF8EE476A07EE76
:1050E80010CAB8EE476A86EE867A0B6CC3F30803DB
:1050F80006EE903AF8EE666A9FED5D6A67EE867A8C
:1051080076EEA77AF7EE006A77EEA67A27EE277A88
:1051180038E007EE10CAF8EE476A9FED566A86EE49
:10512800267A514B1B6CC3F3080306EE903AF8EE4F
:10513800666A9FED4F6A67EE867A76EEA77AF7EE93
:10514800006A77EEA67A27EE277A1BE007EE10CAE8
:10515800F8EE476A9FED486A86EE267A424B1B6C4A
:10516800C3F3080306EE903AF8EE666A9FED406ACC
:1051780067EE867A76EEA77AF7EE006A77EEA67A79
:1051880027EE277A384A136CC3F3462307EE903A82
:10519800F8EE677AF7EE006A77EEA67A87EE276A66
:1051A800BCEEC66A80ED006A136CC3F3064307EED3
:1051B800903AF8EE677A77EEA67A87EE276ABCEE21
:1051C800C66A80ED016A136CC3F3066307EE903A72
:1051D800F8EE677A77EEA67AC7EE276AFCEEE66AFB
:1051E800C0ED026A5DF8044B704707EE10CAF8EE8E
:1051F800476A9FED226A86EE267A1B4B1B6CC3F327
:10520800080306EE903AF8EE666A9FED196A67EEB3
:10521800867A76EEA77AF7EE006A77EEA67A27EE18
:10522800277AAFE707EE10CAF8EE476A9FED126AD1
:1052380086EE267A0C4B1B6CC3F3080306EE903AF5
:10524800F8EE666A9FED0A6A67EE867A76EEA77AC6
:10525800F7EE006A77EEA67A27EE277A92E7002320
:10526800036043608360BDE7004402580090D003A8
:10527800000000390024744C0024744A20BCBE4B42
:1052880010B4794B9A6A9C6AC4F3051CD96A01F078
:1052980001015B6BC3F3CC0301FB03F314F47C7FC4
:1052A80000F0DD8002F0030207EE903AF8EE677A2C
:1052B800012A4BD0022A00F09880002A40F0B280E0
:1052C800694B1B6813F0200F23D067490A68C2F3A3
:1052D800C102664BD34007EE103AF8EE476A07EE74
:1052E80010CAB8EE476A86EE867A0B6BC3F30803DA
:1052F80006EE903AF8EE666A9FED5D6A67EE867A8A
:1053080076EEA77AF7EE006A77EEA67A27EE277A86
:1053180038E007EE10CAF8EE476A9FED566A86EE47
:10532800267A514B1B6BC3F3080306EE903AF8EE4E
:10533800666A9FED4F6A67EE867A76EEA77AF7EE91
:10534800006A77EEA67A27EE277A1BE007EE10CAE6
:10535800F8EE476A9FED486A86EE267A424B1B6B49
:10536800C3F3080306EE903AF8EE666A9FED406ACA
:1053780067EE867A76EEA77AF7EE006A77EEA67A77
:1053880027EE277A384A136BC3F3462307EE903A81
:10539800F8EE677AF7EE006A77EEA67A87EE276A64
:1053A800BCEEC66A80ED006A136BC3F3064307EED2
:1053B800903AF8EE677A77EEA67A87EE276ABCEE1F
:1053C800C66A80ED016A136BC3F3066307EE903A71
:1053D800F8EE677A77EEA67AC7EE276AFCEEE66AF9
:1053E800C0ED026A5DF8044B704707EE10CAF8EE8C
:1053F800476A9FED226A86EE267A1B4B1B6BC3F326
:10540800080306EE903AF8EE666A9FED196A67EEB1
:10541800867A76EEA77AF7EE006A77EEA67A27EE16
:10542800277AAFE707EE10CAF8EE476A9FED126ACF
:1054380086EE267A0C4B1B6BC3F3080306EE903AF4
:10544800F8EE666A9FED0A6A67EE867A76EEA77AC4
:10545800F7EE006A77EEA67A27EE277A92E700231E
:10546800036043608360BDE7004402580090D003A6
:10547800000000390024744C0024744A20BCBE4B40
:1054880000B58BB0B0F5807F1BD0B0F5007F48D059
:10549800B0F5806F79D0B0F5006F00F0AD80B0F551
:1054A800805F00F0E080B0F5002F00F01381B0F5C8
:1054B800803F00F03B81B0F5804F00F0498100202B
:1054C8000CE0974B1B6D03F00703042B00F2668179
:1054D800DFE803F0070C1103160092480BB05DF8E3
:1054E80004FB07A8FFF7CCFE0898F7E704A8FFF726
:1054F800C7FC0498F2E701A8FFF7C2FD0198EDE7A1
:10550800874BDB6C13F0405300F04A81B3F1805FA6
:1055180000F04881B3F1005F01D00020DEE7824847
:10552800DCE77F4B1B6D03F4E073802B26D014D986
:10553800C02B00F03981B3F5807F18D1784BDB6C34
:1055480013F0405300F03281B3F1805F00F03081F6
:10555800B3F1005F17D00020C0E753B1402B04D14E
:1055680004A8FFF78DFC0498B8E70020B6E70020F0
:10557800B4E707A8FFF784FE0898AFE701A8FFF78C
:105588007FFD0198AAE76848A8E7654B9B6D03F47F
:105598006003B3F5800F28D015D9B3F5C00F00F01C
:1055A8000981B3F5000F19D15D4BDB6C13F0405343
:1055B80000F00281B3F1805F00F00081B3F1005F79
:1055C80018D000208AE75BB1B3F5001F04D104A806
:1055D800FFF756FC049881E700207FE700207DE76D
:1055E80007A8FFF74DFE089878E701A8FFF748FDE0
:1055F800019873E74C4871E7494B9B6D03F0E063F2
:10560800B3F1007F28D015D9B3F1407F00F0D880DE
:10561800B3F1806F19D1424BDB6C13F0405300F0AB
:10562800D180B3F1805F00F0CF80B3F1005F18D074
:10563800002053E75BB1B3F1807F04D104A8FFF7E2
:105648001FFC04984AE7002048E7002046E707A81F
:10565800FFF716FE089841E701A8FFF711FD01982A
:105668003CE731483AE72E4B1B6D03F4E043B3F5B2
:10567800005F28D015D9B3F5405F00F0A780B3F5D7
:10568800804F19D1264BDB6C13F0405300F0A080FB
:10569800B3F1805F00F09E80B3F1005F18D0002066
:1056A8001CE75BB1B3F5805F04D104A8FFF7E8FB02
:1056B800049813E7002011E700200FE707A8FFF779
:1056C800DFFD08980AE701A8FFF7DAFC019805E76B
:1056D800154803E7124B9B6D03F44033B3F5803F45
:1056E80009D0B3F5003F0BD0002B75D104A8FFF704
:1056F800C7FB0498F2E601A8FFF7C2FC0398EDE6A1
:10570800074BDB6C13F0405368D0B3F1805F67D070
:10571800B3F1005F01D00020E0E60348DEE600BFF9
:10572800004402580080BB0040787D01304BDB6CA0
:1057380013F4803302D033B90020CFE607A8FFF76F
:105748009FFD0898CAE604A8FFF79AFB0698C5E6E5
:10575800274B9B6D03F0E043B3F1405F42D00BD879
:10576800B3F1805F10D0B3F1005F12D013B9FFF727
:1057780075FBB3E60020B1E6B3F1804F34D0B3F146
:10578800A04F33D11B48A9E604A8FFF779FB059879
:10579800A4E601A8FFF774FC02989FE600209DE6A6
:1057A80015489BE6154899E6154897E6124895E688
:1057B800124893E6124891E60F488FE60F488DE6A7
:1057C8000F488BE60C4889E60C4887E60C4885E6C6
:1057D800094883E6094881E600207FE606487DE619
:1057E80006487BE6044879E6044877E6002075E633
:1057F8000044025840787D010090D00300093D0024
:105808000080BB00002836D038B50446437AB3B1CF
:10581800022363722268136823F0200361680B4334
:1058280013602268136843F00403136023685B68FD
:1058380013F0400F07D004236372012038BD0372B0
:1058480006F030FFE4E7FAF73BFF054623685B689C
:1058580013F0040F0AD0FAF733FF401B0228F5D9DA
:10586800042363720223E3600120E7E701236372E4
:105878000020E060E2E701207047F8B5037A012BC9
:105888002BD004460E4601230372457AEDB29D42A1
:1058980006D00423C3600125002323722846F8BDDF
:1058A80002234372FAF70CFF074623685A6812F07E
:1058B800010F0BD1FAF704FFC01B0228F5D9012309
:1058C80063720223E36000232372E7E79B68236186
:1058D8003360012363720025DEE70225DEE7844694
:1058E8000020CCF84400CCF84C00DCF80400022876
:1058F80018BF00281FD10020CCF850004FF480308A
:10590800CCF85C004FF6FF70CCF874000020CCF89F
:105918006800CCF8703013F0010F68D179B9CCF871
:1059280060004FF48020CCF86400032A3ED8DFE8FA
:1059380002F00E3F1F2E0120CCF85000DEE74FF496
:105948000030CCF860000020CCF86400EDE780203F
:10595800CCF848005B085801CCF854001B01CCF87F
:1059680058304023CCF86C300020022941D07047D1
:10597800C020CCF848005B089801CCF854005B01C3
:10598800CCF858308023CCF86C300020EDE7E020CC
:10599800CCF848005B089801CCF854005B01CCF8BF
:1059A80058308023CCF86C300020DEE70120DCE79B
:1059B80010B48020CCF848005B089C01CCF8544017
:1059C8005B01CCF85830CCF86C000020022902D0DA
:1059D8005DF8044B7047012A05D0022AF8D1082344
:1059E800CCF86830F4E71023CCF86830F0E70120F1
:1059F8007047012A05D0022AB9D10823CCF86830AB
:105A080070471023CCF86830704730B400244464E1
:105A1800C4644468022C18BF002C18D10124046502
:105A28000024C4654FF4003505664FF480254566AB
:105A3800846603674FF6FF74446704290AD00D2172
:105A48008165032A29D8DFE802F00811182000240C
:105A58000465E5E701218165F3E7802282641B0183
:105A680043654023C366002030BC704780228264AF
:105A78005B014365C2660020F6E7C02282645B01D1
:105A880043658023C3660020EEE7E02282645B0161
:105A980043658023C3660020E6E70120E4E7012987
:105AA8000AD00123426C082A08D04268023A012A27
:105AB8000CD943F0040070470923F3E74268012A30
:105AC80018BF032AF1D143F01003EEE743F060005A
:105AD800704700000E4B1B680E4AA2FB03231B0BEA
:105AE8009B0001680A6822F480320A603BB1013BDE
:105AF8000268126812F4803FF8D100207047D0F88D
:105B0800943043F04003C0F894300320704700BF3E
:105B1800140000201BECCB952DE9F041002800F083
:105B2800C7810446FAF7E6FD94F83850012D25D0D0
:105B38002368AE49AE4A934218BF8B422ED001F576
:105B4800806102F58062934218BF8B423BD001F519
:105B5800806102F58062934218BF8B4235D001F113
:105B6800C051A1F5863102F1C052A2F586329342A6
:105B780018BF8B4240F09E819E4E10E023689B49DF
:105B88009D4A8B4218BF934240F014816368012BF1
:105B980040F01081636C002BCAD00BE1974E94F84B
:105BA8009130A3B12046FFF795FF0546002840F045
:105BB8008381022384F89130E368012B0DD0022BF6
:105BC80015D120220AE08E4EE9E78E4EE7E784F8E9
:105BD8009030204606F0BCFDE4E71022A368013BA4
:105BE800042B06D8DFE803F019070A0F1400002277
:105BF800F4E7002713E04FF4006710E042F00102D9
:105C08004FF400670BE042F002024FF4006706E031
:105C180042F003024FF4006701E04FF480673260FE
:105C2800236A002B43D023687049714A934218BFF6
:105C38008B4200F0C280002023687349734A934264
:105C480018BF8B4200F0BE8023687149714A9342A5
:105C580018BF8B4200F0BB802268674B9A4200F065
:105C6800BB8022686C4B9A4200F0BB80A369B3F5F5
:105C7800002F00F0DB80A36AB3F1806F00F0E080B2
:105C8800012200EB80004000236A02FB03F31B02A1
:105C9800B0FBF3F0614BA3FB0023DB08636203EB6B
:105CA8008302A0EB4200082801D9013363626368CC
:105CB800022B18BF002B40F0C880236D012B00F089
:105CC800C1804FF40078FAF715FDB0F5005FC0F019
:105CD800C58022681168524B0B40136021680A681E
:105CE8006368606C0343A06C0343E06C034343EABE
:105CF80008033B43E06A034360690343A069034325
:105D0800606A43EA0053A06A0343206903431A43C5
:105D18000A6022685168434B0B40536021684A6807
:105D2800E369206B0343606B034313434B602268B2
:105D380091683D4B0B40936020688268636D013B1E
:105D4800616E0B43E16D0B43216E0B43A16D01396D
:105D580043EA0123134383602268D36823F47D63F5
:105D680023F00F031B041B0CD3602068C268A36ECA
:105D7800E16E0B43616F43EA0143216F013943EA46
:105D880001231343C360236818491B4A934218BF71
:105D98008B4207D1736C23F00103736494F8383095
:105DA800012B7AD00023C4F89430012284F8912082
:105DB80084F890302846BDE8F0814FF48070FFF7F2
:105DC8005FFB39E74FF40070FFF75AFB3CE74FF4ED
:105DD8000070FFF755FB3FE74FF48060FFF750FB7B
:105DE8003FE74FF40060FFF74BFB3FE704580140E3
:105DF80024580140005400580454005800580140E9
:105E0800005C014000600140045C0140245C0140EA
:105E1800046001402460014024540058CDCCCCCC0F
:105E280010C005F0F01FFFFF0080F8FF00EB8000B6
:105E38004000236A626D02FB03F3B0FBF3F029E72D
:105E480002221EE74FF000083DE7236D012B02D028
:105E58004FF0000837E74FF4007834E722681168FC
:105E6800164B0B40136021680A686368606C034333
:105E7800A06C0343E06C034343EA08033B43E06A36
:105E8800034360690343A0690343606A43EA00531C
:105E9800A06A03431A430A603BE7236CE26B013AAA
:105EA80043EA02137364736C43F00103736479E784
:105EB80001257FE701257DE701257BE710C005F86F
:105EC80010B50446022906D9C81E01280BD8204659
:105ED800FFF79BFD01E0FFF702FD00B110BD204672
:105EE800FFF71AFEFAE70120F8E738B590F8903086
:105EF800012B5DD00446012380F8903003681A68AE
:105F080012F4003F3AD01A6822F400321A6090F86E
:105F18009130DBB2122B18D0002594F89130DBB207
:105F2800222B2CD1D4F8840048B3FCF70BF830B3FB
:105F3800D4F884305B6D802B21D0D4F8943043F0B2
:105F48008003C4F89430012519E0D0F8800088B1A6
:105F5800FBF7F8FF05460028DFD0D4F880305B6DEA
:105F6800802B09D0D4F8943043F08003C4F89430DF
:105F78000125D2E70025D0E70025CEE700252368D4
:105F880000221A6123684FF0FF329A612046FFF71A
:105F9800A1FD00B101252268536843F0080353604E
:105FA800012384F89130002384F89030284638BDC6
:105FB8000225FBE72DE9F041044688461646FAF724
:105FC8007FFB002E18BFB8F1000F66D0054694F885
:105FD8009170FFB2012F64D194F89030012B62D0F8
:105FE800012384F89030C4F87880A4F87C60A4F881
:105FF8007E600023C4F89430122284F89120D4F8EB
:1060080080202A491164D4F880202949D163D4F822
:1060180080202849D164D4F8802013652268B4F818
:106028007C301C32A16FD4F88000FBF73FFE064697
:1060380010BB00212046FFF732FD22681369034395
:1060480013612268136843F40033136023685A69A4
:1060580012F4E02F14D1FAF733FB431BB3F57A7F20
:10606800F4D9D4F8943043F04003C4F894300023B2
:1060780084F89030032711E0002384F890300DE075
:106088001A6812F4803F03D11A6842F480321A6009
:10609800002384F89030374600E001273846BDE8F1
:1060A800F0810227FAE70227F8E700BFC761000876
:1060B8008B6100081562000870B5002A18BF002916
:1060C80051D00446134694F89150EDB2012D4DD1AC
:1060D80094F89020012A4BD0012284F89020A167DF
:1060E800A4F87C30A4F87E300023C4F8943022222F
:1060F80084F89120D4F884201E491164D4F88420AF
:106108001D49D163D4F884201C49D164D4F8842073
:1061180013652168B4F87C30A26F1C31D4F8840070
:10612800FBF7C4FD064618B1002384F890301BE045
:1061380000212046FFF7B3FC22681369034313616B
:106148002268136843F40033136023681A6812F452
:10615800803F03D11A6842F480321A60002384F821
:106168009030354600E00125284670BD0225FBE742
:106178000225F9E70B620008D161000815620008E2
:10618800704710B5846BC369B3F5807F12D00021C6
:10619800A4F87E102268136823F4003313602046A5
:1061A800FFF77DFC2268136923EA000313610123CA
:1061B80084F891302046FFF7E3FF10BD704708B51B
:1061C800806BFFF7FBFF08BD10B5846BC369B3F59F
:1061D800807F12D02268136823F4003313600021F3
:1061E800A4F87E102046FFF75AFC2268136923EAB8
:1061F80000031361012384F89130204605F091FAD9
:1062080010BD08B5806B05F091FA08BD10B5846B18
:10621800FCF70CFD022800D110BDD4F8943043F0EF
:106228008003C4F894302268136823F400331360A1
:106238002046FFF74FFC012384F891300023A4F88F
:106248007E30204605F06CFAE6E7000090F89130C1
:10625800002B00F01C8110B5044603685A691969BF
:10626800186812F0080F07D011F0080F04D0D4F8FE
:106278008C302046984710BD12F0010F13D011F052
:10628800010F10D001229A6194F89130DBB2222BD1
:1062980000D00222D4F894301343C4F89430204636
:1062A80005F03EFAE7E712F0020F0AD011F0020FEC
:1062B80007D002229A61D4F88830002BDBD09847A7
:1062C800D9E712F0200F3ED011F0200F3BD020224A
:1062D8009A61D4F8943043F00403C4F8943010F46D
:1062E800003F29D0D4F8803033B1694A1A65D4F810
:1062F8008000FBF7C7FFA8B9D4F88430002BBAD0C8
:10630800634A1A65D4F88400FBF7BCFF0028B2D0B2
:10631800D4F8943043F08003C4F89430204605F054
:10632800FFF9A8E7D4F8943043F08003C4F8943018
:10633800204605F0F5F9DFE72046FFF7D6FD2046B1
:1063480005F0EEF997E712F0400F40D011F0400F3A
:106358003DD040229A61D4F8943043F00803C4F841
:10636800943010F4003F2BD0D4F8803033B1484A31
:106378001A65D4F88000FBF785FFB8B9D4F88430E3
:10638800002B3FF478AF424A1A65D4F88400FBF733
:1063980079FF00283FF46FAFD4F8943043F08003BE
:1063A800C4F89430204605F0BBF964E7D4F894307B
:1063B80043F08003C4F89430204605F0B1F9DDE7D6
:1063C8002046FFF792FD204605F0AAF953E712F0A0
:1063D800040F49D011F0040F46D004229A61D4F872
:1063E800943043F02003C4F8943010F4003F2BD0CD
:1063F800D4F8803033B1264A1A65D4F88000FBF708
:1064080041FFB8B9D4F88430002B3FF434AF204AA8
:106418001A65D4F88400FBF735FF00283FF42BAF4A
:10642800D4F8943043F08003C4F89430204605F043
:1064380077F920E7D4F8943043F08003C4F8943017
:10644800204605F06DF9DDE7226800231361226814
:106458004FF0FF319161012284F89120A4F87E3039
:10646800204605F05DF906E712F0100F3FF403AF80
:1064780011F0100F3FF4FFAE10229A61D4F8943057
:106488001343C4F89430204605F04AF9F3E6704700
:106498009D64000810B5846B2268136823F40033E8
:1064A8001360236800221A6123684FF0FF329A6153
:1064B800D4F89430202B09D1012384F8913000239B
:1064C800A4F87E30204605F02BF910BD2046FFF7D2
:1064D80001FB2268536843F008035360ECE770B58A
:1064E800846AC36A1F2B15D870BD306801F050FA52
:1064F8002070C0F307236370C0F30743A370000E36
:10650800E07004340135072DEFD9B462F36A203BFB
:10651800F362E9E706460025F5E770B582B0046A3C
:10652800436A1F2B1CD802B070BD23780193627890
:1065380043EA02230193A27843EA02430193E278F3
:1065480043EA02630193043401A9306801F023FA95
:106558000135072DE9D93462736A203B7362E2E79B
:1065680006460025F5E70000F0B587B005460E465B
:10657800FAF7A6F807460021286801F030FA10F06B
:10658800007F64D14021286801F040FB034610B128
:10659800AA6BAA635DE0A96C0904286801F024FCD1
:1065A800034610B1AA6BAA6353E04FF0FF33009380
:1065B800402301936023029302230393002304934F
:1065C800012305936946286801F00EFB286801F04D
:1065D800CAFC034680B1AA6BAA633AE0286801F0B6
:1065E800D7F946F8040B0134072CF7D9FAF768F8FD
:1065F800C01BB0F1FF3F2FD02B685C6B14F495746F
:1066080004D15B6B13F4004FF0D0EDE75A6B12F036
:10661800080F24D15A6B12F0020F22D15B6B13F0D2
:10662800200F20D12868436B13F480530CD001F05D
:10663800AFF946F8040BFAF743F8C01BB0F1FF3F77
:10664800F0D14FF0004304E0084A826301E04FF4C0
:106658000063184607B0F0BD4FF00043F9E7082380
:10666800F7E70223F5E72023F3E700BF3A0F001806
:10667800F0B589B004460F46FAF722F8054600231C
:10668800009301930821206801F0C0FA064610B172
:10669800304609B0F0BDA16C0904206801F0A4FBE4
:1066A80006460028F4D14FF0FF33029308230393E2
:1066B80030230493022305930023069301230793B1
:1066C80002A9206801F090FA206801F0D5FB06467F
:1066D80030B1DDE7F9F7F4FF431BB3F1FF3F46D0D4
:1066E8002068426B40F22A531A420ED1436B13F4CE
:1066F800002FEFD1002EEDD101F04AF9009020686B
:1067080001F046F901900136E4E7436B13F0080FF6
:1067180024D1436B13F0020F23D1466B16F02006E9
:1067280022D1144B8363019A130203F47F0343EAD3
:106738000263110A01F47F410B4343EA12633B6091
:10674800009A130203F47F0343EA0263110A01F477
:106758007F410B4343EA12637B6099E7082686630F
:1067680096E70226866393E72026866390E74FF034
:1067780000468DE73A0F001810B582B00446002194
:1067880000910191006801F02AF910F0007F13D1FF
:1067980069462046FFF76CFF80B9019B13F4802FF0
:1067A8000ED0A16C0904206801F01EFB30B902214B
:1067B800206801F048FB01E04FF4006002B010BD12
:1067C8004FF08060FAE710B582B0044600210091CE
:1067D8000191006801F003F910F0007F13D16946B8
:1067E8002046FFF745FF80B9019B13F4803F0ED088
:1067F800A16C0904206801F0F7FA30B9002120687B
:1068080001F021FB01E04FF4006002B010BD4FF031
:106818008060FAE770B581B104460E46816C0904C0
:10682800006801F087FB054608B1284670BD0021C5
:10683800206801F0D4F83060F7E74FF00065F4E71E
:106848002DE9F04F87B005460C4616469A46DDF806
:106858004090F9F735FF002C3AD0804695F834700F
:10686800FFB2012F40F0E0800023AB6306EB0A0380
:106878006A6D934232D8032385F834302B6800229E
:10688800DA62EB6B012B00D076024FF0FF330093F6
:106898004FEA4A2301939023029302230393002390
:1068A800049305936946286801F09EF92A68D3681D
:1068B80043F04003D360BAF1010F14D902232B63CC
:1068C8003146286801F0D4F9A0B9DDF804B038E001
:1068D800AB6B43F00063AB630127AAE0AB6B43F0FB
:1068E8000073AB63A5E001232B633146286801F0F0
:1068F800A6F9E9E72B68514A9A63AB6B0343AB638C
:10690800012385F8343000232B6392E0286801F0D6
:106918003FF82070C0F307236370C0F30743A370E8
:10692800000EE07004340136072EEFD9ABF1200BCE
:10693800F9F7C6FEA0EB080048450FD2B9F1000FE1
:106948000CD02B685E6B16F4957615D15B6B13F43F
:10695800004FEDD0BBF11F0FEAD9E5E72B68374AA6
:106968009A63AB6B43F00043AB63012385F8343083
:1069780000232B6303275CE0DA6822F04002DA6028
:106988002868436B13F4807F05D0BAF1010F02D950
:10699800EB6B032B18D12B685A6B12F0080F24D11C
:1069A8005A6B12F0020F2CD15A6B12F0200F34D010
:1069B800224A9A63AB6B43F02003AB63012385F84B
:1069C800343000232B6334E001F09EF9034600289D
:1069D800E1D02A6819499163AA6B1343AB63012379
:1069E80085F8343000232B6323E0144A9A63AB6B99
:1069F80043F00803AB63012385F8343000232B638D
:106A080017E00E4A9A63AB6B43F00203AB630123B2
:106A180085F8343000232B630BE0094A9A6301237D
:106A280085F83430002704E0AB6B43F00053AB63C8
:106A38000127384607B0BDE8F08F00BFFF0FE01F01
:106A48003A0F00182DE9F04F8BB005460C46164654
:106A58009A46DDF85090F9F733FE002C3BD080467B
:106A680095F83470FFB2012F40F0E9800023AB6342
:106A780006EB0A036A6D934233D8032385F8343052
:106A88002B680022DA62EB6B012B00D076024FF004
:106A9800FF3304934FEA4A23059390230693002378
:106AA80007930893099304A9286801F09DF82A68B8
:106AB800D36843F04003D360BAF1010F16D92023FD
:106AC8002B633146286801F005F90190019BABB9A9
:106AD800DDF814B040E0AB6B43F00063AB63012713
:106AE800B2E0AB6B43F00073AB63ADE010232B63F4
:106AF8003146286801F0D5F80190E7E72B68544A39
:106B08009A63AB6B019A1343AB63012385F8343066
:106B180000232B6398E023780393627843EA0223E7
:106B28000393A27843EA02430393E27843EA0263B9
:106B38000393043403A9286800F02DFF0136072EBB
:106B4800E9D9ABF1200BF9F7BBFDA0EB08004845EC
:106B58000FD2B9F1000F0CD02B685E6B16F48D764E
:106B680015D15B6B13F4804FEDD0BBF11F0FEAD941
:106B7800E5E72B68364A9A63AB6B019A1343AB631C
:106B8800012385F8343000232B6303275CE0DA689F
:106B980022F04002DA602868436B13F4807F05D046
:106BA800BAF1010F02D9EB6B032B18D12B685A6B82
:106BB80012F0080F24D15A6B12F0020F2CD15A6B25
:106BC80012F0100F34D0224A9A63AB6B43F01003D3
:106BD800AB63012385F8343000232B6334E001F0E4
:106BE80093F803460028E1D02A6819499163AA6BF3
:106BF8001343AB63012385F8343000232B6323E070
:106C0800134A9A63AB6B43F00803AB63012385F81F
:106C1800343000232B6317E00D4A9A63AB6B43F0C3
:106C28000203AB63012385F8343000232B630BE0A8
:106C3800084A9A63012385F83430002704E0AB6BD7
:106C480043F00053AB63012738460BB0BDE8F08F23
:106C5800FF0FE01F3A0F001870477047F0B583B078
:106C6800044600230193F9F72BFD0646206801F03E
:106C780090F8054610B1284603B0F0BD206801F031
:106C88009BF838B901232364236C012B0BD02F46C2
:106C9800284614E000232364206801F07AF80028CD
:106CA800F2D00546E7E70021206801F09DF80028AA
:106CB800EDD04FF08055DEE7019B01330193019A37
:106CC8004FF6FE739A4215D8A7B90021206801F043
:106CD8008BF8002867D13C49206801F09EF80746E8
:106CE800002862D10021206800F079FEC30FE3D0AC
:106CF8001F46E1E7019A4FF6FE739A4258D810F002
:106D0800804358D00123E363A369022BB3D110F069
:106D18008075B0D04FF40073E3652268136843F0C0
:106D280008031360206801F037F905460028A2D14E
:106D380023685A6B12F0806F08D1F9F7C1FC831BE6
:106D4800B3F1FF3FF4D14FF0004594E74FF0806274
:106D58009A6323685B6B13F4801F2ED00120FFF722
:106D68007CFF2268136843F00403136023685A6B9E
:106D780012F0007F08D1F9F7A3FC831BB3F1FF3FA2
:106D8800F4D14FF0004576E74FF000729A6323681C
:106D98005D6B15F4801513D113221A6023684FF028
:106DA800FF329A6367E7054665E74FF0805562E76B
:106DB8004FF080755FE71D465DE74FF080555AE755
:106DC8004FF0807557E700BF000010C10346026E00
:106DD800920F0A70026EC2F383624A7090F86320C1
:106DE80002F003028A7090F86220CA7090F861205D
:106DF8000A7190F860204A71426E120DCA80B0F88C
:106E0800662002F00F020A72426EC2F3C0324A7262
:106E1800426EC2F380328A72426EC2F34032CA7244
:106E2800426EC2F300320A7300224A73C26B002A10
:106E380040F08680406E40F6FC7202EA8002986E4E
:106E480042EA90720A619A6EC2F3C2620A7593F8B6
:106E58006B2002F007024A759A6EC2F342528A7595
:106E68009A6EC2F38242CA759A6EC2F3C2320A7629
:106E78000A690132DA64087E00F0070002308240B5
:106E8800DA6491F808C00CF00F0C012000FA0CF03D
:106E98001865400A00FB02F25A654FF400729A65C1
:106EA8009A6EC2F380324A769A6EC2F3C6128A7616
:106EB8009A6E02F07F02CA76DA6ED20F0A77DA6E1D
:106EC800C2F341724A77DA6EC2F382628A77DA6E67
:106ED800C2F38352CA77DA6EC2F3405281F8202097
:106EE800002081F82100B3F86E2002F0010281F839
:106EF8002220DA6EC2F3C03281F82320DA6EC2F3A0
:106F0800803281F82420DA6EC2F3403281F82520DD
:106F1800DA6EC2F3003281F82620DA6EC2F38122DB
:106F280081F82720DA6EC2F3012281F82820DB6E6F
:106F3800C3F3460381F82930012381F82A307047CA
:106F4800012A11D1426E120402F47C12B0F86A00D0
:106F580002430A610A6901329202DA645A654FF4FF
:106F680000721A659A659BE7026805499163826B0E
:106F780042F080528263012083F83400704700BFDA
:106F8800FF0FE01F10B58CB004460123ADF80230A6
:106F9800006800F00BFD002858D0E36B032B34D1B8
:106FA800E36B032B4AD1E36B032B1CD0BDF8021013
:106FB800A1640904206800F08EFF002848D1002150
:106FC800206800F00CFD20660421206800F007FD11
:106FD80060660821206800F002FDA0660C21206888
:106FE80000F0FDFCE0660421206800F0F8FC000DCC
:106FF800606401A92046FFF7E9FE58BBA26C1204A1
:107008000023206800F0ACFE22E0206800F04DFF6D
:10701800F0B90021206800F0E2FC20670421206814
:1070280000F0DDFC60670821206800F0D8FCA0674C
:107038000C21206800F0D3FCE067B1E70DF10201F4
:10704800206800F05EFF0028ADD001E04FF08060BE
:107058000CB010BD4FF08050FAE7000010B58AB0B0
:10706800044600230493059306930793FA23089391
:107078008369022B2AD00AAB13E907008DE80700C1
:1070880004AB0ECB206800F06BFC206800F088FC95
:107098004FF48030FEF7F4F9204BA3FB00235B0983
:1070A800B0F5FA7F18D31E48B0FBF3F00130F9F7BA
:1070B8000DFB2046FFF7D2FD024688B1012084F877
:1070C8003400A36B1343A3630AB010BD02681368AE
:1070D80043F010031360CEE70220F9F7F7FAE8E768
:1070E8002046FFF74FFF024630B1012084F83400F4
:1070F800A36B1343A363E7E74FF40071206800F024
:1071080085FD08B90020DFE7236806499963A36B6A
:107118000343A363012084F83400D5E7D34D6210FC
:1071280010210100FF0FE01F30B591B005460C4655
:107138006946FFF719FAC0B12B682A499963AB6B06
:107148000343AB63012485F834404FF40071286889
:1071580000F05CFD30B12A6822499163A8630124DC
:1071680085F83440204611B030BD009AC2F381132F
:107178002370C2F340136370130A23F0FF0343EA3A
:1071880012639BB26380019A130203F47F0343EAFC
:107198000263110A01F47F410B4343EA12636360FF
:1071A800029BDAB22272C3F307226272C3F303525C
:1071B800A2721B0C039AD1B223F0FF030B43A381E5
:1071C800C2F38523A373C2F30123E373C2F303134A
:1071D800237402F00F0262749DF81330A374002424
:1071E800B3E700BFFF0FE01FC36B0B60036C4B607E
:1071F800436C8B60836CCB60C36C0B61036D4B611C
:10720800436D8B61836DCB610020704730B58BB0C7
:1072180004460D46032380F83430C36B032B1CD07F
:10722800B1F5004F08D0B1F5804F0AD079B1836B22
:1072380043F00063836314E0836B43F080538363FC
:107248000FE0FFF799FAA36B0343A36309E0FFF785
:10725800BAFAA36B0343A36303E0836B43F0805341
:107268008363A36BB3B123681D4A9A6301254FF466
:107278000071206800F0CAFC30B12368184999638E
:10728800A36B0343A3630125012384F83430284604
:107298000BB030BD63680493A36805930695236912
:1072A80007936369032B0CD908930AAB13E907000A
:1072B8008DE8070004AB0ECB206800F051FB0025D9
:1072C800D5E7E26DB2F5007F05D0B2F5807F04D036
:1072D80004230893E9E70893E7E702230893E4E720
:1072E800FF0FE01F10B582B004460023019301A9E7
:1072F800FFF790FA10B1A36B0343A3630198C0F39F
:10730800432002B010BD70B586B0002858D004469E
:1073180090F834303BB9037783690BB90223836152
:10732800204605F06FFB032384F834302046FFF72E
:1073380095FE18B10125284606B070BD01A9204662
:10734800FFF7F2FE00283DD19DF81430DBB29DF81E
:107358001520D2B2E16B01290BD001290FD00023EF
:10736800E365E1682046FFF751FF054658B101255E
:10737800E1E71343F1D04FF40073E365F1E74FF40D
:107388008073E365EDE7F9F79BF906462046FFF7BA
:10739800A9FF04280DD0F9F793F9801BB0F1FF3F3E
:1073A800F4D14FF00043A363012384F8343003255C
:1073B800C1E70023A3632363012384F83430BAE7C9
:1073C8000125B8E70125B6E7704770477047704751
:1073D80038B50446056B03685A6B12F4004F02D0A7
:1073E80015F0080F2AD15A6B12F4807F67D04FF43A
:1073F80080729A632268D16B7E4B0B40D3632268FC
:10740800D36B23F08053D3632268D36823F04003FF
:10741800D36015F0080F25D015F0220F11D123687D
:10742800754A9A63012384F834300023236315F0E6
:10743800030F13D0204604F0B7F901E0FFF74FF827
:1074480038BD206800F060FC03460028E7D0A26B36
:107458001343A3632046FFF7FFFBE0E7204604F051
:107468009EF9EDE715F0800FEAD0226800239362B9
:107478002268D3622268136515F0220F0ED101230A
:1074880084F834300023236315F0300F13D115F03E
:10749800030FD5D0204604F087F9D1E7206800F023
:1074A80033FC03460028EAD0A26B1343A3632046AB
:1074B800FFF7D2FBE3E7204604F071F9E7E75A6BE0
:1074C80012F4804F02D015F0080F62D15A6B12F0F7
:1074D8003A0F6BD05A6B12F0020F03D0A26B42F036
:1074E8000202A2635A6B12F0080F03D0A26B42F09B
:1074F8000802A2635A6B12F0200F03D0A26B42F06D
:107508002002A2635A6B12F0100F03D0A26B42F054
:107518001002A263384A9A632268D36B23F49D73DE
:10752800D3632268D36823F04003D3602268D36A08
:1075380043F40053D3622268D36843F08003D360D6
:10754800206800F0E1FBA36B0343A3632268D368C0
:1075580023F08003D36023684FF400629A6315F028
:10756800080F1AD115F0800F3FF46AAFA36B002BF8
:107578003FF466AF2268D36B23F08053D36323684C
:1075880000221A65012384F834302046FFF764FB93
:1075980056E72046FEF7C1FF52E7012384F834304E
:1075A800002323632046FFF757FB49E75A6B12F085
:1075B800805F3FF445AF4FF080529A6323681B6D9C
:1075C80013F0040F0AD115F0200F03D02046FFF75F
:1075D800FEFE35E72046FFF7F8FE31E715F0200FED
:1075E80003D02046FFF7F2FE2AE72046FFF7ECFE1D
:1075F80026E700BFC53EFFFF3A0F001808B338B5AD
:107608000D46044690F82C30B3B1022384F82C3090
:10761800214651F8040B00F053F8626829462068A7
:1076280000F086F8084A136843F00043136001230A
:1076380084F82C30002038BD80F82D3004F06EFA24
:10764800E3E70120704700BF0040005238B5044608
:1076580090F82C30D8B2022805D00D46052818BF5E
:10766800012801D0012038BD022384F82C3020687D
:1076780000F0B2F82B68022B04D0012384F82C30D8
:107688000020F0E7052384F82C300020EBE710B544
:10769800044690F82C30D8B2022805D094F82C3043
:1076A800DBB2012B01D0012010BD022384F82C305D
:1076B800206800F0A4F8012384F82C300020F3E7B8
:1076C80010B40B68CBB902686FF30E024B688C6874
:1076D8002343CC6823430C6923434C6923438C69B7
:1076E8002343CC6923430C6A2343496A0B4313435E
:1076F800036000205DF8044B7047036823F4F843E7
:10770800CA690C6A22434C6A2243134303604268E5
:107718006FF30E024B688C682343CC6823430C69D3
:1077280023434C69234389690B4313434360E0E7D0
:1077380010B43ABB826802F070420B68013B4C6897
:1077480004F1FF3C43EA0C138C6804F1FF3C43EA64
:107758000C23CC6804F1FF3C43EA0C330C6904F1B8
:10776800FF3C43EA0C434C6904F1FF3C43EA0C53E9
:107778008969013943EA01631343836000205DF896
:10778800044B70478368134A1A40CB6803F1FF3CE7
:107798004B69013B1B0543EA0C331A438260C268FC
:1077A80002F070420B68013B4C6804F1FF3C43EA6D
:1077B8000C138C6804F1FF3C43EA0C230C6904F1B8
:1077C800FF3C43EA0C438969013943EA01631343E7
:1077D800C360D3E7FF0F0FFF10B402690B684C6852
:1077E80023438C6804F1FF3C43EA4C13C96843EA1D
:1077F80041231343036100205DF8044B704743693C
:107808006FF34D0343EA41034361002070470000D2
:107818000B4B1B680B4AA2FB03235B0A41F288321D
:1078280002FB03F31A46013B3AB1426B12F0800F98
:10783800F8D0054B8363002070474FF00040704735
:1078480014000020D34D6210C50020000146144BDF
:107858001B68144AA2FB03235B0A41F2883202FB2D
:1078680003F31A46013BBAB14A6B12F0450FF8D040
:1078780012F4005FF5D14B6B13F0040F06D1486B7F
:1078880010F0010005D1084B8B6370470420886312
:1078980070470120886370474FF00040704700BF71
:1078A80014000020D34D6210C50020000146104B83
:1078B8001B68104AA2FB03235B0A41F2883202FBD1
:1078C80003F31A46013B82B14A6B12F0450FF8D018
:1078D80012F4005FF5D1486B10F0040002D1064B9A
:1078E8008B6370470420886370474FF000407047EF
:1078F80014000020D34D6210C50020000146164B2D
:107908001B68164AA2FB03235B0A41F2883202FB7A
:1079180003F31A46013BE2B14A6B12F0450FF8D067
:1079280012F4005FF5D14B6B13F0040F0BD14B6BC6
:1079380013F001030AD1486B10F040000BD040222D
:107948008A6318467047042088637047012088635B
:1079580070474FF00040704714000020D34D62106C
:1079680084B00DF1040C8CE80E000B461343039A07
:107978001343049A1343059A13434168034A0A4080
:1079880013434360002004B0704700BF002CC0FFC1
:10799800D0F8800070470B68C0F88030002070472E
:1079A800036843F00303036000207047006800F099
:1079B800030070470B6883604B688A681343CA6882
:1079C80013430A691343C168024A0A401343C36058
:1079D80000207047C0E0FEFF0069C0B27047143055
:1079E8004058704770B505460E46514B1B685149C3
:1079F800A1FB03135B0A03FB02F21346013A002BB7
:107A08005ED06C6B4C4B2340002BF6D014F4005F17
:107A1800F3D16B6B13F0040F06D16B6B13F0010FEE
:107A280005D00120A8634DE00420A8634AE0434B39
:107A3800AB632846FFF7D0FFB04201D0012041E0F8
:107A480000212846FFF7CBFF03463D481840C8B33E
:107A5800002B38DB13F0804F38D113F0005F37D19B
:107A680013F0805F36D113F0006F36D113F0806FBA
:107A780036D113F0807F36D113F4000F36D113F4CA
:107A8800800F36D113F4001F36D113F4801F36D17E
:107A980013F4802F36D113F4003F36D113F4803F0E
:107AA80036D113F4004F36D113F4804F36D113F486
:107AB800005F36D113F0080F36D04FF4000001E014
:107AC8004FF0004070BD4FF00070FBE74020F9E731
:107AD8008020F7E74FF48070F4E74FF40070F1E787
:107AE8004FF48060EEE74FF40060EBE74FF480500E
:107AF800E8E74FF40050E5E74FF48040E2E74FF441
:107B08000040DFE74FF40030DCE74FF48020D9E78E
:107B18004FF40020D6E74FF48010D3E74FF400105D
:107B2800D0E74FF48000CDE74FF48030CAE700BFBC
:107B380014000020D34D621045002000C50020002D
:107B480008E0FFFDF8B505460E461746234B1B68AF
:107B5800234AA2FB03235B0A41F2883202FB03F3A8
:107B68001A46013B8AB36C6B14F0450FF8D014F435
:107B7800005FF5D16B6B13F0040F06D16B6B13F03C
:107B8800010F05D00120A86321E00420A8631EE0AE
:107B98002846FFF721FFB04201D0012017E0114B22
:107BA800AB6300212846FFF71AFF034610F4604034
:107BB80008D013F4804F0BD113F4004F0BD04FF4BF
:107BC800805004E01B0C3B8001E04FF00040F8BD02
:107BD8004FF40050FBE74FF48030F8E71400002022
:107BE800D34D6210C50020000B6843624B68836266
:107BF8008B68CA6813430A6913434A691343C26A04
:107C080022F0FF021343C3620020704730B587B0EB
:107C180004460191102502954FF4807303930023C5
:107C280004934FF48053059301A9FFF7C3FE41F273
:107C3800883229462046FFF7D5FE07B030BD30B55B
:107C480087B004460191112502954FF48073039380
:107C5800002304934FF48053059301A9FFF7AAFE6C
:107C680041F2883229462046FFF7BCFE07B030BDF6
:107C780030B587B004460191122502954FF4807300
:107C88000393002304934FF48053059301A9FFF74E
:107C980091FE41F2883229462046FFF7A3FE07B03D
:107CA80030BD30B587B004460191182502954FF4D0
:107CB80080730393002304934FF48053059301A921
:107CC800FFF778FE41F2883229462046FFF78AFE00
:107CD80007B030BD30B587B004460191192502952B
:107CE8004FF480730393002304934FF48053059358
:107CF80001A9FFF75FFE41F2883229462046FFF7C7
:107D080071FE07B030BD000030B587B004460023CF
:107D180001930C2502954FF48072039204934FF45B
:107D280080530593C36843F08003C360C36823F09E
:107D38004003C36001A9FFF73DFE084A29462046D3
:107D4800FFF750FEE36823F08003E360B0F1007FA3
:107D580001D007B030BD0020FBE700BF00E1F5050A
:107D680030B587B004460192072502954FF4807319
:107D78000393002304934FF48053059301A9FFF75D
:107D880019FE41F2883229462046FFF72BFE07B03C
:107D980030BD10B586B004460023019302930393C7
:107DA80004934FF48053059301A9FFF703FE20467F
:107DB800FFF72EFD06B010BD10B586B004464FF48F
:107DC800D5730193082302934FF480730393002320
:107DD80004934FF48053059301A9FFF7EBFD204668
:107DE800FFF78CFD06B010BD30B587B00446019191
:107DF800372502954FF480730393002304934FF4BF
:107E08008053059301A9FFF7D5FD41F28832294631
:107E18002046FFF7E7FD07B030BD10B586B0044631
:107E28000191292302934FF4807303930023049351
:107E38004FF48053059301A9FFF7BCFD2046FFF7D7
:107E480035FD06B010BD30B587B004460191062552
:107E580002954FF480730393002304934FF48053E7
:107E6800059301A9FFF7A6FD41F28832294620466D
:107E7800FFF7B8FD07B030BD30B587B00446002322
:107E88000193332502954FF48072039204934FF4C3
:107E98008053059301A9FFF78DFD41F288322946E9
:107EA8002046FFF79FFD07B030BD10B586B00446E9
:107EB80000230193022202924FF44072039204932A
:107EC8004FF48053059301A9FFF774FD2046FFF78F
:107ED800BDFC06B010BD10B586B00446019109235B
:107EE80002934FF440730393002304934FF4805399
:107EF800059301A9FFF75EFD2046FFF7A7FC06B032
:107F080010BD70B586B004460D46002301930326C4
:107F180002964FF48072039204934FF480530593B2
:107F280001A9FFF747FD2A4631462046FFF70AFE1A
:107F380006B070BD30B587B0044601910D25029595
:107F48004FF480730393002304934FF480530593F5
:107F580001A9FFF72FFD41F2883229462046FFF795
:107F680041FD07B030BD30B587B00446002301930A
:107F78000D2502954FF48072039204934FF48053B9
:107F8800059301A9FFF716FD41F2883229462046DC
:107F9800FFF728FD07B030BD30B587B00446002391
:107FA80001930B2502954FF48072039204934FF4CA
:107FB8008053059301A9FFF7FDFC41F28832294659
:107FC8002046FFF70FFD07B030BD000008B5044B91
:107FD80003EB8002526852680344187A904708BD40
:107FE8002801002008B5084B1B5C53B9064B012239
:107FF8001A5403EB8002526812680344187A9047B7
:1080080008BD0020FCE700BF2801002038B5044C5B
:1080180004EB80056D68AD680444207AA84738BD34
:108028002801002038B5044C04EB80056D68ED6824
:108038000444207AA84738BD2801002010B5044B15
:1080480003EB8004646824690344187AA04710BDD0
:10805800280100204278007840EA02207047C3785F
:10806800827842EA0322437843EA0223007840EA0E
:1080780003207047C379827942EA0322437943EAAD
:108088000223027942EA0322C3F30743C17841EA93
:1080980002211B0243EA1163827842EA01221B0291
:1080A80043EA1263417841EA02211B02007840EA60
:1080B800012043EA116170470170090A4170704755
:1080C8000170C1F307234370C1F307438370090E9E
:1080D800C17070470270C2F307214170C2F30741B3
:1080E8008170120EC2700371C3F307224271C3F389
:1080F800074282711B0EC3717047944632B10A78E9
:10810800013102700130BCF1010CF8D170470170E7
:108118000130013AFBD1704784469CF800000CF10D
:10812800010C0B780131C01A013A01D00028F4D0B3
:108138007047034600E00133187808B18842FAD145
:108148007047000010B44FF0000C63466BB1012B70
:1081580026D089BB194A02EB03139B89B3F5807FAC
:1081680028D000205DF8044B70471A01134CA25820
:108178009AB10468A24201D00133E7E70F4A02EB43
:108188000312546882689442F6D10C4A02EB031237
:108198009468026B9442EFD1D9E74FF0010CEBE7FA
:1081A800022914BF63464CF001030BB10020D9E744
:1081B8001220D7E71020D5E71020D3E710010020C0
:1081C800002028B90301044AD3580BB10130F8E75D
:1081D800013818BF012070471001002070B4002337
:1081E80063B1012B21D0002936D0244A02EB0312B7
:1081F8009289002A3FD14FF4807233E01A011F4C54
:10820800A4580268944201D00133E9E71B4A02EB03
:108218000312546882689442F6D1184A02EB03129A
:108228009468026B9442EFD1DBE700232BB91A0163
:10823800124CA2580AB10133F8E7012B19D00F4D9F
:108248001C0105EB031206682E5184685460006B0C
:10825800906000209081C6E7084A02EB03129289D9
:10826800013292B2054901EB03118A81581C70BC96
:1082780070470020FBE70020F9E700BF100100204D
:10828800013815D10C4B03EB00139B89B3F5807FA4
:1082980003D043B1013B9BB200E00023064A02EB46
:1082A8000012938133B903010020034AD05070476C
:1082B800022070470020704710010020002333B1CE
:1082C80070471A010A498A5882420BD107E01A01FD
:1082D80007498A58824201D00133F0E710B41A01E5
:1082E80000248C500133002BEBD05DF8044B704711
:1082F800100100200239C369023B8B4204D943892B
:10830800006B01FB030070470020704710B5194649
:108318000368046D0434500A5A89002340EAC150A6
:10832800490AF7F7D5FF024601E0121A0834206817
:1083380018B18242F9D26068104410BD70B5064683
:108348000D4601F11A00FFF785FE3378032B00D0A4
:1083580070BD044605F11400FFF77CFE44EA0040B6
:10836800F6E770B506460C46154691B204F11A00B8
:10837800FFF7A2FE3378032B00D070BD290C04F15F
:108388001400FFF799FEF8E72DE9F04180460E4604
:1083980001F11A00FFF75EFE50BB357825F0400565
:1083A800013D05EB450305EB83050127002404E0A7
:1083B8004FF6FF73984220D101340C2C0DD8124B84
:1083C800185D3044FFF746FE002FF1D0FE2D12D87D
:1083D80028F8150007460135EEE7337813F0400F0B
:1083E8000DD0FE2D0DD8002328F81530012000E00F
:1083F8000020BDE8F0810020FBE70020F9E701201C
:10840800F7E70020F5E700BFE0F900082DE9F84399
:1084180080460F4691464B730F23CB7200240C7392
:10842800214607F11A00FFF747FE09F1FF3606EB70
:10843800460306EB8306254602E001340C2C11D8CE
:108448004FF6FF739D4202D038F8165001360C4B98
:10845800185D29463844FFF72FFE002DEDD14FF661
:10846800FF75EAE74FF6FF739D4202D038F81630E1
:108478000BB949F0400987F80090BDE8F88300BFC0
:10848800E0F9000870B582B0054616461C460B2276
:10849800FFF733FE052C11D807231FE001310F2900
:1084A8000CD803F0010C0CEB44045B0814F4803F77
:1084B800F4D084F4883484F02104EFE73388002B67
:1084C800EAD002360021EAE75A1E08336B4403F863
:1084D800081C21090F2C0AD913460C4604F00F0278
:1084E80002F130013929EFD902F13701ECE77E2199
:1084F80002F108036B4403F8081C002300E0013371
:10850800934209D2E95C2029F9D105E02020591CC1
:10851800E854072909D80B46072AF7D802F10801B9
:10852800694411F8080C0132F1E702B070BD014648
:108538004FF00B0C0020C30143EA50030A780131C5
:1085480052FA83F3D8B2BCF1010CF4D1704700B5EC
:1085580086464178013149010020034601E0013394
:1085680001338B420AD2022BF9D0C20342EA5002ED
:108578001EF803C01CFA82F290B2F1E75DF804FB22
:1085880003685A1C02601B781846A3F1610292B274
:10859800192A02D8203B98B270477F2B02D9803B1A
:1085A800014AD05C704700BFF0F900082DE9F0419E
:1085B80084B007460191144698462646013C4EB1C0
:1085C80001A8FFF7DDFF0028F7D10026304604B0E8
:1085D800BDE8F0813B781BBBB8F1000F20D0012625
:1085E800F4E7334632460399481C03900C783F2C35
:1085F8002DD0012349783F29F5D02A29F3D00299B3
:10860800FFF7D4FF28BB029B1D7801A8FFF7B8FF2E
:10861800B8F1000318BF0123002DD7D0002BD5D007
:108628000397019B0293039B1B782A2B18BF3F2BB0
:10863800D7D003A8FFF7A4FF044602A8FFF7A0FFBE
:1086480005468442E1D1002CEDD10126BEE7013276
:10865800D0E70126BAE70146006808B1024603E000
:108668004FF0FF307047013213781F2B01D93A2B96
:10867800F9D13A2B01D000207047034613F8010BBB
:108688003038092898BF9A4203D128B901320A60C4
:1086980070474FF0FF3070474FF0FF30704738B5E4
:1086A8000D46044698B103689BB11A78A2B1818837
:1086B800DA88914203D0092000242C6038BD58780C
:1086C800FFF784FC10F0010009D12468F5E70920C0
:1086D800F3E71C460920F0E709200024EDE709200C
:1086E8000024EAE72DE9F041C57815B92846BDE828
:1086F800F0810446476B00F1380801233A464146A9
:108708004078FFF78FFC0546A0B90023E370A36A01
:10871800FB1A226A9342E9D2A67808E0236A1F442A
:1087280001233A4641466078FFF77CFC013E012E62
:10873800F4D8DBE70125D9E770B5436B8B4202D14A
:108748000026304670BD04460D46FFF7CBFF0646AF
:108758000028F6D101232A4604F138016078FFF792
:1087680055FC10B101264FF0FF356563E9E70000BD
:1087780038B504460023C3704FF0FF334363FFF757
:10878800DBFF60BB054604F23620FFF763FC4AF6C0
:108798005523984225D194F83830E92B0ED0A36B95
:1087A80003F0FF13114A934208D00B22104904F139
:1087B8003800FFF7B1FCB8B1022513E004F16E00F0
:1087C800FFF74DFC20F07F400A4B98420AD004F195
:1087D8008A00FFF744FC084B9842E6D102E00425E2
:1087E80000E00325284638BD0125FBE7EB00900093
:1087F800A8F9000846415400464154332DE9F04F8A
:1088080087B00D46164600230B60FFF724FF071EAE
:10881800C0F2E681B14B53F82740002C00F0E58107
:108828002C6006F0FE06237873B16078FFF7CEFB64
:1088380010F0010508D1002E00F0D38110F0040FCC
:1088480000F0CF810A25CCE100232370F8B26070D4
:10885800FFF7C8FB10F0010540F0C9811EB110F008
:10886800040F40F0C68100212046FFF781FF02284F
:1088780000F083800026042800F0BD81012800F262
:10888800BC8100F00C8104F14300FFF7E3FBB0F575
:10889800007F40F0C88104F14E00FFF7DBFB07467C
:1088A80020B904F15C00FFF7DAFB0746276294F869
:1088B8004820A270531EDBB2012B00F2B68107FBE1
:1088C80002F894F84590A4F80A90B9F1000F00F066
:1088D800AE8109F1FF3319EA030F40F0AA8104F1D0
:1088E8004900FFF7B7FB8246208110F00F0F40F0D8
:1088F800A28104F14B00FFF7ADFB834620B904F1D8
:108908005800FFF7ACFB834604F14600FFF7A2FBD3
:108918000246002800F0918100EB080303EB1A13CC
:108928009B45C0F08C81ABEB030BBBFBF9F1CB454E
:10893800C0F087814FF6F570814200F2D38040F68F
:10894800F570814240F206814FF0020BCCE0002026
:1089580006AB03EB860343F8100C0136032E0ED842
:1089680004F13800330103F5DF7318440379002B51
:10897800EDD00830FFF773FBEAE70026EEE70027A3
:108988000AE031462046FFF7F3FE01287FF673AF71
:108998000137032F3FF66FAF06AB03EB870353F89E
:1089A800106C002EEDD10320F2E701333F2B04D8E1
:1089B800E21892F83820002AF7D03F2B40F21F81A6
:1089C80004F1A000FFF746FBB0F5807F40F0198165
:1089D80094F8A430092B40F0168104F18000FFF7C9
:1089E80049FB871941F100084FF0FF33BB424FF0B4
:1089F800000373EB0803C0F0088104F18C00FFF753
:108A08002EFB206294F8A6A084F802A0BAF1010F08
:108A180040F0FD8094F8A530012202FA03F3019397
:108A2800BDF804306381002B00F0F38004F194005A
:108A3800FFF715FB83462A4B984200F2EC80831C13
:108A4800E361666204F19000FFF709FB00EB060999
:108A5800C4F8309004F18800FFF701FB3044A062AD
:108A68000022BDF804300BFB03F319EB0309524154
:108A78004F4578EB0202C0F0D08004F19800FFF770
:108A8800EEFA0146E0622046FFF734FC0146204634
:108A9800FFF752FE002840F0C280002602E00B23B8
:108AA80084E72036B6F5007F0DD2A31993F8383045
:108AB800812BF6D104F1380306F114001844FFF7AE
:108AC800CEFA0228EDD1B6F5007F00F0AA804FF06B
:108AD800FF33A36163614FF0040B2FE024010020F2
:108AE800FDFFFF7F4FF0030B01F10209C4F81C9052
:108AF80066623244A26233442363BBF1030F2CD075
:108B0800BAF1000F00F0A3804244E262BBF1020F09
:108B180034D009EB490309F0010909EB530909F2BB
:108B2800FF13B7EB532FC0F094804FF0FF33A361CE
:108B3800636180232371BBF1030F22D084F800B056
:108B4800454A138801339BB21380E3802046FFF720
:108B5800B5FB46E04FF0010BC6E704F16200FFF7F2
:108B680079FA00286FD1BAF1000F6ED104F16400D0
:108B7800FFF775FAE0624FEA8909D0E74FEA490939
:108B8800CDE704F16800FFF765FA0128D6D1711C1A
:108B98002046FFF7D1FD0028D0D10023237104F22D
:108BA8003620FFF757FA4AF655239842C6D104F102
:108BB8003800FFF754FA294B9842BFD104F50770E3
:108BC800FFF74DFA264B9842B8D104F50870FFF725
:108BD80046FAA06104F50970FFF741FA6061ADE754
:108BE8000B25284607B0BDE8F08F0C25F9E70325CB
:108BF800F7E70A25F5E70125F3E70D25F1E70D2548
:108C0800EFE70D25EDE70D25EBE70D25E9E70D2548
:108C1800E7E70D25E5E70D25E3E70D25E1E75546EF
:108C2800DFE70D25DDE70D25DBE70D25D9E70D2568
:108C3800D7E70D25D5E70D25D3E70D25D1E70D2578
:108C4800CFE70D25CDE70D25CBE70D25C9E70D2588
:108C5800C7E70D25C5E700BF20010020525261413A
:108C6800727241612DE9F843054691468F1EC3692A
:108C7800023BBB4200D80027B8463C460026296B79
:108C880001EB14312846FFF757FD844640BBC4F377
:108C9800C80004F0070201239340DBB209E0A046B4
:108CA8000026A7421FD023B90130B0F5007FE6D2D5
:108CB80001232A1892F838201A405B00DBB20134ED
:108CC800E9690239A14203D8634600244FF40070D1
:108CD800002AE4D101364E45E3D108F1020003E051
:108CE8004FF0FF3000E00020BDE8F8832DE9F8439D
:108CF8000646174698468B1E016B01EB1331C3F3EA
:108D0800C80503F0070301249C40E4B201F10109FE
:108D18003046FFF711FD024610B101221EE0012482
:108D2800731993F83810214214BF012300234345D7
:108D380013D07319614083F838100123F370013F91
:108D48000CD09C4014F0FF04EAD11D441C46B5F534
:108D5800007FE4D349460025D8E702221046BDE843
:108D6800F8832DE9F047012940F2848005460C4636
:108D78001646C3698B4240F281800378022B66D085
:108D880034D8012B30D101EB5108816A01EB58210D
:108D9800FFF7D2FC074600286DD105F1380A08F123
:108DA8000109C8F3080814F0010446D01AF808307D
:108DB80003F00F0343EA0613DBB20AF80830012375
:108DC800EB70A96A01EB59212846FFF7B5FC074665
:108DD800002850D1C9F308098CB3C6F307130AF861
:108DE80009300123EB7046E0022744E0033BDBB285
:108DF800012B45D8816A01EBD411FFF79DFC07468A
:108E0800C8BB2B78042B0CD026F0704605F138002F
:108E1800A30003F4FE731844FFF721F900F0704033
:108E2800064305F13800A40004F4FE7431462044DA
:108E3800FFF746F90123EB701DE0F3B2BDE71AF81E
:108E48000930C6F3032623F00F033343C7E7816ACB
:108E580001EB1421FFF770FC074660B905F13800F3
:108E6800640004F4FF74B1B22044FFF725F901232C
:108E7800EB7000E002273846BDE8F0870227FAE7E2
:108E88000227F8E770B504460D46164607E0324655
:108E9800FFF767FF034658B9E369013BE361E369FC
:108EA80033B12068EA1A511C012BF0D90232EFE7DE
:108EB800184670BDC379032B02D0002318467047AB
:108EC80070B50646816884694CB14D1C2A463068E5
:108ED800FFF747FF034620B9013C2946F4E7002382
:108EE800F371184670BDF8B50568012940F2948001
:108EF80003460C46EA698A4240F290802A78013A91
:108F0800032A00F28D80DFE802F0022B3C4F04EBCD
:108F18005406A96A01EB56212846FFF70DFC10B14B
:108F28004FF0FF3079E0771CC6F308062E4496F818
:108F38003860A96A01EB57212846FFF7FDFB002896
:108F480070D1C7F308072F4497F8383046EA03264C
:108F580014F0010F01D030095FE0C6F30B005CE0AC
:108F6800A96A01EB14212846FFF7E6FB00285CD12B
:108F780005F13800640004F4FF742044FFF76AF830
:108F88004BE0A96A01EBD4112846FFF7D5FB00286E
:108F98004ED105F13800A40004F4FE742044FFF714
:108FA8005EF820F0704038E00269416952EA010039
:108FB80041D09868201A013A41F1FF31520A42EA39
:108FC800C1526989B2FBF1F2D979022908D0032983
:108FD8000BD0022934D0DB6963B16FF000401CE08C
:108FE8009042F4D829D0601C17E09A698242F0D9DF
:108FF800601C12E0A96A01EBD4112846FFF79CFB1C
:1090080000BB05F13800A30003F4FE731844FFF712
:1090180026F820F0004000E00120F8BD0120FCE720
:109028000120FAE74FF0FF30F7E74FF0FF30F4E7A1
:109038004FF0FF30F1E70120EFE76FF00040ECE779
:109048000120EAE74FF0FF30E7E72DE9F041074656
:109058000E46D0F8008098F80030042B28D04FF442
:109068000013B34242D916F01F0F42D13E63BC68C9
:109078000CBB98F80030022B03D9D8F82C400023F9
:10908800FB71C4B9B8F80830B3EB561F33D9D8F818
:109098002C30BB637C63BB6BABB303EB5623BB6366
:1090A80008F13808C6F308014144F96300201EE0BE
:1090B8004FF08053D5E7B8F80A506D02AE420FD38F
:1090C80021463846FFF70FFF0446B0F1FF3F14D0A2
:1090D800012814D9D8F81C30834212D9761BEDE741
:1090E80021464046FFF706F9B863D3E70220BDE8FA
:1090F800F0810220FBE70220F9E70120F7E70220D0
:10910800F5E70220F3E70220F1E72DE9F8430746E7
:10911800D0F80080894641B9D8F81460B6B1D8F8BB
:109128001C30B34213D8012611E0FFF7DCFE0546D8
:10913800012840F2A280B0F1FF3F00F0A880D8F8E3
:109148001C30834200F2A3804E4600E0012698F8C6
:109158000030042B01D0344652E00122314640460B
:10916800FFF780FD0546431E13F1030F00F28F80C1
:1091780001231A4601464046FFF7B8FD0346022878
:109188007DD001287DD0B9F1000F18D10222FA71E3
:10919800FA79022A68D009F10102AA421BD0FB69B8
:1091A8000BB90123FB612A4649463846FFF76AFE98
:1091B800034600285AD10123FB612C4639E0FA798D
:1091C800022AE5D1721CAA42E2D0BA68B21ABA6180
:1091D8000322FA71DCE7FA691AB10132FA612C4606
:1091E80026E00222FAE721463846FFF77CFE0546CC
:1091F80078B1B0F1FF3F18BF012848D0B44245D03C
:109208000134D8F81C30A342EDD8012E3CD90224F1
:10921800E9E74FF0FF3221464046FFF7A2FD03463B
:10922800B0FA80F04009B9F1000F08BF0020A0B9DA
:10923800E3B9C8F81440D8F81820D8F81C30023B15
:109248009A4202D8013AC8F8182098F8043043F036
:10925800010388F80430254619E02246494640466D
:10926800FFF77FFD0346E3E72C46E1E7012B01D03A
:1092780001250CE04FF0FF3509E0012507E0012545
:1092880005E04FF0FF3502E0002500E00025284604
:10929800BDE8F8832DE9F843056801296BD907462D
:1092A8000C469146EB698B4267D972B12B78042B37
:1092B80002D1C379022B08D04FF0FF324946284625
:1092C800FFF74FFD0346002858D1A04611E00022C1
:1092D80031462846FFF745FD0346C8B14EE0731CEA
:1092E800A34203D02B78042B1ED0A046EB69A342DF
:1092F80026D9264621463846FFF7F5FD0446F8B13B
:1093080001283ED0B0F1FF3F3DD02B78042BDED1B1
:10931800AA69EB69023B9A42E1D20132AA612B7930
:1093280043F001032B71DAE7A6EB080200230132B0
:1093380041462846FFF7DAFC0346F8B9A046D5E7C8
:109348002B78042B01D0002318E0B9F1000F02D1CB
:109358000023FB7112E0FB79032B01D000230DE001
:10936800BB684B4511D8BA6913444B450FD3022348
:10937800FB71002302E0022300E002231846BDE847
:10938800F8830223FAE70123F8E70023F6E700232E
:10939800F4E72DE9F0470668056B836B002B78D05E
:1093A8000446884620353278042A16D04FF4001235
:1093B800AA4270D9C5F308073FB90133A363616BAB
:1093C80091B93389B3EB551F0AD9256306F13803E0
:1093D8003B44E3630020BDE8F0874FF08052E7E7A5
:1093E8000023A3630420F6E77389013B13EA552998
:1093F800EBD12046FFF777FD824601284DD9B0F121
:10940800FF3F4CD0F36983423BD8B8F1000F15D029
:10941800616B2046FFF779FE8246002841D001287B
:1094280041D0B0F1FF3F40D0E37943F00403E3714A
:109438003046FFF757F928B10120CCE70023A36392
:109448000420C8E74FF40072002106F13800FEF747
:109458005EFE51463046FEF74DFF706373894B45FB
:109468000BD90123F3703046FFF73CF9F8B909F13D
:109478000109736B01337363F0E7736BA3EB0903A3
:109488007363C4F834A051463046FEF733FFA06337
:109498009BE704209FE704209DE702209BE701202B
:1094A80099E7072097E7022095E7012093E7012035
:1094B80091E700002DE9F041044600680769A16BB7
:1094C800FFF73AF9054620B9E16B0B78852B03D0F5
:1094D80002252846BDE8F08120223846FEF70DFE19
:1094E8007E7801367601A6F16003B3F5007F51D886
:1094F80000212046FFF74DFF05460028E9D1A16B62
:109508002068FFF719F905460028E2D1E16B0B78CE
:10951800C02B01D00225DCE72022B818FEF7EDFDAC
:1095280097F823302C331E4AA2FB0323DB08B6EB43
:10953800431F31D34FF0400803E008F120084645A7
:109548001AD900212046FFF724FF05460028C0D17C
:10955800A16B2068FFF7F0F805460028B9D1E16B48
:109568000B78C12B1AD1B8F5187FE6D2202207EB69
:109578000800FEF7C2FDE0E7B8F5187FA9D838461D
:10958800FEF7E5FF0446B81CFEF764FD8442A0D050
:1095980002259EE702259CE702259AE7022598E71F
:1095A8008988888810B504460B6803600B6A836055
:1095B80091F82430C3714B6A23F0FF030361002341
:1095C8004361896AC164FFF740FD00B110BD2046C0
:1095D800FFF770FFFAE72DE9F84304460F460668DF
:1095E8004FF0FF09C846042548E017B1832B3FD147
:1095F80068E0852B3CD1236BE3642046FFF75AFFD4
:10960800054600285FD133691B7903F03F03A37136
:1096180058E00F2A1ED113F0400F06D091F80D9094
:1096280003F0BF03226BE2649846434502D04FF033
:10963800FF081DE04B7B4B4502D04FF0FF0817E0B9
:10964800F068FEF7A1FE002838D008F1FF385FFA6D
:1096580088F80DE0B8F1000F04D10846FEF767FF5F
:1096680048452FD04FF0FF33E3642BE04FF0FF085D
:1096780000212046FFF78DFE054618BBA16B09B3F4
:109688003046FFF759F80546E0B9E16B0B78C3B1EE
:109698003278042AA9D0CA7A02F03F02A2712E2B8E
:1096A80018BFE52BE2D022F02000082814BF0020C4
:1096B8000120B842ADD04FF0FF08D9E74FF0FF08BE
:1096C800D6E704250DB10023A3632846BDE8F88337
:1096D800F8B504460F4606680021FFF7B6FC0246B7
:1096E80020BB00250CE0E36B93F90030DB43DB0F74
:1096F80017E0002501212046FFF74BFE0246A8B9D6
:10970800A16B3046FFF718F8024678B93378042B76
:10971800E9D0E36B1B78002B18BFE52B0CBF0123A6
:109728000023002BE5D00135BD42E3D1042A01D046
:109738001046F8BD0722FBE7F8B5044603681E6922
:109748003046FEF704FF0146B01CFEF7B5FC7778FB
:109758000137E16C2046FFF778FC054605E0203626
:1097680000212046FFF715FE05467DB9A16B20684C
:10977800FEF7E2FF054648B920223146E06BFEF7C6
:10978800BCFC23680122DA70013FE8D1022D28BF12
:109798000225E8B2F8BD00002DE9F04F83B08046FD
:1097A8008A46D1F800900368DD68002423461DE04E
:1097B800013719F807302F2BFAD05C2BF8D04F441B
:1097C800CAF800701F282ED84FF0040974B36FF040
:1097D8000043234435F81330202B18BF2E2B25D1F6
:1097E800013CF3E725F8146001343B465F1C19F887
:1097F80003001F28E3D95C2818BF2F28D9D0FE2CD6
:1098080000F2D980012101F09FF90646002800F0F6
:10981800D4807F28E6D801466A48FEF78AFC0028EB
:10982800E0D006206FE04FF00009CFE7002325F8CD
:109838001430002C00F0C3800B22202108F14000D6
:10984800FEF765FC002300E0013335F81320202AD9
:10985800FAD02E2AF8D01BB149F0030900E0013CE8
:109868006CB16FF00042224435F812202E2AF6D14E
:109878004FF0080B4FF0000ACDF804A008E0A2460C
:109888004FF0080B0022019202E049F003093B4621
:109898005F1C35F81360BEB1202EF6D02E2E14BFF3
:1098A80000230123BC4208BF0023002BEDD1BC429A
:1098B80018BFDA4537D3BBF10B0F27D0BC4201D014
:1098C80049F00309BC4224D298F84030E52B63D014
:1098D800BBF1080F64D0019B03F00C020C2A03D0E3
:1098E80003F00303032B01D149F0020919F0020F19
:1098F80006D1019B03F00303012B56D0042A57D04D
:1099080088F84B90002003B0BDE8F08F49F00309B8
:10991800DAE7019B9B00DBB2019323464FF00B0B68
:109928004FF0080AB4E77F2E0BD8CEB949F00309E7
:109938005F2608EB0A0383F840603B460AF1010AF8
:10994800A6E70021304601F0FFF810B949F00209F6
:10995800ECE7A0F180031C4AD65C49F00209E4E771
:1099680031461A48FEF7E5FB0028DFD1A6F141038E
:109978009BB2192B04D8019B43F002030193D8E74B
:10998800A6F161039BB2192BD3D8019B43F00103C5
:109998000193203EB6B2CCE7052388F8403097E71C
:1099A800019B9B00DBB2019395E749F01009A5E7FD
:1099B80049F00809A4E70620A5E70620A3E7062042
:1099C800A1E700BFB4F90008F0F90008C0F90008E1
:1099D8002DE9F0410746884600264024354614E024
:1099E8003819FEF737FB002101F0AEF8FE2D94BFC1
:1099F80000230123002808BF43F0010373B908EBD3
:109A08000503987602340136013597F82330B342BE
:109A180005D914F01F0FE3D10234E1E7002525B979
:109A280008EB05033F229A76013545440023AB76BF
:109A380088F80D303B7988F80C3013F0100F15D1E9
:109A480007F13800FEF716FBC8F80000C8F8041044
:109A580007F10C00FEF7FEFAA8F80A0007F10E005D
:109A6800FEF7F8FAA8F80800BDE8F08100200146E2
:109A7800EAE72DE9F041D0F8008000238B76836B6C
:109A8800002B75D006460C4698F80030042B16D0EB
:109A9800C36CB3F1FF3F1BD000231D46D8F80C2040
:109AA8005F1C32F8130080B1002101F04DF858B165
:109AB800FE2D11D8621990763B460135EEE7D8F8AD
:109AC8001000FFF785FF53E0002525440023AB76FF
:109AD800A57E0022134612E00025F6E7E52317E0ED
:109AE80015B9A0182E278776A0182E27477301329C
:109AF80010E010201CE0A018837601320B460A2BD8
:109B08001BD8F06B591CC35C202BF7D0052BE5D074
:109B18000929E5D0A0184373002DEED1A3F1410027
:109B2800C0B21928E7D8F06B077B0829E1D80820CC
:109B38000742E0D02033DBB2DDE735B9A3180021B6
:109B48009976F36B1B7B03B90A46224400255573AB
:109B5800F36BDB7A2373F06B1C30FEF780FA20601E
:109B68006560F06B1630FEF77AFA6081000C208190
:109B7800BDE8F08138B50446002511E001F002F88F
:109B8800EB0343EA5503C2B212FA83F39AB2C3F362
:109B98004E0343EAC233C0F30F2010FA83F39DB299
:109BA80034F8020B0028E9D1284638BD2DE9F843DE
:109BB8000746884640220021FEF7A9FA85233B7014
:109BC800C02387F8203001250026A946402417E045
:109BD80029463819FEF770FA023414F01F0F08D01E
:109BE800002DF5D038F81650002DF1D00136F6B218
:109BF800EEE709F101095FFA89F938F8163033B14F
:109C0800631CC1223A550022FA540234E8E787F867
:109C1800236087F801904046FFF7ACFF014607F143
:109C28002400FEF749FABDE8F88300002DE9F04763
:109C380081460F4601F11A00FEF70CFAC8BB3E78C0
:109C480006F03F06013E06EB460306EB83064FF09F
:109C58000108002506E000202CE04FF6FF7398422B
:109C68002AD101350C2D18D8174B585D3844FEF70A
:109C7800F1F90446B8F1000FEFD0FE2EEBD800F052
:109C880081FF804606F1010A39F8160000F07AFFD4
:109C98008045E0D1A0465646E3E73B7813F0400FF5
:109CA8000CD0B8F1000F0BD039F8163053B9012099
:109CB80000E00020BDE8F0870020FBE70120F9E77D
:109CC8000120F7E70020F5E7E0F900082DE9F84F53
:109CD800044607680021FFF7B8F90646002840F057
:109CE800AB803B78042B06D04FF0FF33E3644FF092
:109CF800FF09C84646E0F868FFF73CFF834620E0C6
:109D080038694044FEF7A6F900F03CFF8146FB683D
:109D180033F81A0000F036FF81450CD1013DEDB251
:109D280008F102080AF1010A2DB118F01F0FE7D156
:109D380008F10208E4E725B9FB6833F81A30002B6C
:109D48007AD000212046FFF746FC0646002873D14A
:109D58003D6905F12400FEF77DF95845F1D195F8E4
:109D680023504FF0000A4FF04008DDE74FF0FF3373
:109D7800E3644FF0FF0800212046FFF70AFB064680
:109D8800002859D1A16B3846FEF7D6FC06460028B4
:109D980052D1E56B2B78002B4DD0EA7A02F03F01C7
:109DA800A171E52BE2D012F0080F15D00F29DDD1F3
:109DB80094F84B2012F0400FDDD113F0400F06D07D
:109DC80095F80D9003F0BF03226BE2649846434573
:109DD8001ED04FF0FF08CEE70F29E9D0B8F1000FE9
:109DE80004D12846FEF7A3FB484525D094F84B300C
:109DF80013F0010F06D10B2204F140012846FEF7AB
:109E08008BF9C8B14FF0FF33E3644FF0FF08B2E7B6
:109E18006B7B4B4502D04FF0FF08ACE72946F8684A
:109E2800FFF704FF20B108F1FF385FFA88F8A2E7CE
:109E38004FF0FF089FE704263046BDE8F88F30B59D
:109E480083B004460191056801E001330193019B49
:109E58001A782F2AF9D05C2AF7D00022A260E26192
:109E68001B781F2B2CD8802384F84B3011462046B2
:109E7800FFF7EBF80346184603B030BD0428FAD1C3
:109E880012F0040FF7D10523F5E7A36823622369CD
:109E980023F0FF03E27913436362E36CA36228694A
:109EA8003430FEF7DCF8A0602B6993F8213003F01A
:109EB8000203E37128693830FEF7DCF8C4E90401CD
:109EC80001A92046FFF768FC03460028D3D12046A5
:109ED800FFF7FCFE94F84B2003460028CED112F081
:109EE800040FC8D1A37913F0100F0DD02B78042BD1
:109EF800CBD005F13801236BC3F308031944284676
:109F0800FEF71CFAA060DBE70523B4E72DE9F04370
:109F18009BB0056890F84B3013F0A00F40F0E68036
:109F28000646002400E00134EB6833F81430002BB7
:109F3800F9D12B78042B22D006F140070C223946A0
:109F480017A8FEF7DAF89DF8673013F0010F75D0FF
:109F5800402386F84B304FF00108B8F1630F63D8FF
:109F68004346EA6817A93846FEF78CFA3046FFF7E9
:109F7800ADFE8146002857D108F10108EDE70E34FF
:109F88005F4BA3FB0434E408A11C3046FFF7A0FB99
:109F98008146002840F0AC80336B0134A3EB4413B6
:109FA800F364B3681BB1F37913F0040F04D1E968C3
:109FB8002869FFF7FBFD9BE0336971696A895202E2
:109FC8009B1841F10001336171613046FEF772FF61
:109FD80008B181468CE04FF0FF32716B3046FEF7D6
:109FE80051FF08B1814683E031466846FFF7DAFA47
:109FF80008B181467CE02869D6E904233830FEF7A9
:10A0080069F82869D6E904232830FEF763F8F3795C
:10A018002A6943F0010382F821306846FFF78CFB78
:10A028000028C4D0814663E0B8F1640F64D0B9F168
:10A03800040F5DD19DF8673086F84B309DF8673086
:10A0480013F0020F2BD00C342E4BA3FB0434A408BE
:10A05800013421463046FFF73BFB8146002847D1B3
:10A06800013C1ED1B9F1000F42D1B16B2846FEF771
:10A0780063FB814600283BD120220021F06BFEF7CC
:10A0880046F80B223946F06BFEF737F896F84B3056
:10A09800F26B03F0180313730123EB7028E001241B
:10A0A800D7E7316BA1EB44113046FEF7CEFF81466E
:10A0B800F0B93846FEF73BFA8046B16B2846FEF702
:10A0C8003BFB81460028CDD14346E2B2F16BE868FC
:10A0D800FEF79CF90123EB7000213046FFF759F990
:10A0E80081460028BED1013CE7D1BBE74FF0060905
:10A0F80048461BB0BDE8F0834FF00709F8E700BFFA
:10A10800898888884FECC44E70B50446FEF7EAFA91
:10A11800054648B92378032B08D0002211466078F9
:10A12800FDF78CFF00B10125284670BD2379012B6E
:10A13800F3D104F138064FF4007200213046FDF7E0
:10A14800E6FF4AF6552104F23620FDF7B5FF0F4920
:10A158003046FDF7B5FF0E4904F50770FDF7B0FF6F
:10A16800A16904F50870FDF7ABFF616904F5097092
:10A17800FDF7A6FF626A0132626301233146607807
:10A18800FDF750FF00232371C7E700BF525261411A
:10A198007272416170B584B00190009116460391C6
:10A1A80003A8FEF758FA041E20DB114B53F824507D
:10A1B80025B12846FEF782F800232B70019B0BB1CE
:10A1C80000221A70019B0A4A42F82430721E18BFF6
:10A1D8000122002B08BF42F0010212B1002004B096
:10A1E80070BD01A96846FEF709FBF8E70B20F6E702
:10A1F800240100202DE9F047ADF5996D0191002863
:10A2080000F0CE811446064602F03F073A460DF2AA
:10A218006C4101A8FEF7F2FA054630B1002333601D
:10A2280028460DF5996DBDE8F087DDF86C34CDF85A
:10A2380070349BAADA6003AA1A6101990DF58E6041
:10A24800FFF7FDFD054668B99DF9BB34002B71DBAE
:10A2580014F03E0F14BF012100210DF58E60FDF7AB
:10A2680071FF054614F01C0F00F02A81002D70D0F4
:10A27800042D61D047F00807002DCFD117F0080F43
:10A2880072D1002DCAD117F0080F01D047F040074E
:10A29800DDF86C345B6BB364DDF8AC34F364012F28
:10A2A80094BF002101210DF58E60FDF797FFF06244
:10A2B800002800F07181DDF86C442378042B00F04D
:10A2C8001181DDF8AC8441462046FEF737F8B060CE
:10A2D80008F11C00FDF7C3FE306100237361002103
:10A2E80031653460DDF86C34DB88B38086F8307013
:10A2F80086F83110716400220023C6E90E2306F1A6
:10A3080054094FF400724846FDF701FF17F0200F7B
:10A3180000F03A813469776954EA070300F0348120
:10A32800B463F763DDF86C34B3F80AA04FEA4A2A3D
:10A33800B168FCE0062595E7FDF742FF18B947F03C
:10A34800080712259DE70DF58E60FFF7DFFD05462E
:10A3580090E79DF8763413F0110F40F0198114F04E
:10A36800040F89D0082559E701F020FB0446DDF8E1
:10A378006C8498F80030042B43D00146DDF8AC0417
:10A388000E30FDF79DFE2146DDF8AC041630FDF7D2
:10A3980097FEDDF8AC342022DA72DDF86C84DDF843
:10A3A800AC9449464046FDF7C9FF04460022494699
:10A3B8004046FDF7D6FF0021DDF8AC041C30FDF760
:10A3C8007FFEDDF86C340122DA70002C3FF459AFBF
:10A3D800DDF86C34D3F83480002221460DF58E6008
:10A3E800FEF758FF054600287FF418AF4146DDF810
:10A3F8006C04FEF7A1F90546013CDDF86C345C619C
:10A408003FE7C6F80080D8F810003430FDF727FE83
:10A41800B060D8F810003830FDF72CFEC6E904010A
:10A42800D8F8103093F8213003F00203F371F56186
:10A43800D8F8100021460830FDF742FEDDF86C34EC
:10A448001A691575186921460C30FDF739FEDDF8D3
:10A458006C341A6955751A692021117118692946D1
:10A468003430FDF72DFEDDF86C3418690022002326
:10A478003830FDF72FFEDDF86C3418690022002310
:10A488002830FDF727FEDDF86C341B69012283F8BC
:10A4980021200DF58E60FFF74FF9054600287FF45F
:10A4A800BDAEB16800293FF4ECAE00223046FEF79D
:10A4B800F1FE0546B368013BDDF86C245361E0E624
:10A4C800002D7FF4ABAE9DF8763413F0100F61D1F8
:10A4D80014F0020F3FF4D5AE13F0010F3FF4D1AEE4
:10A4E80007259BE6DDF878343362DDF8803423F005
:10A4F800FF039DF8772413437362DDF8BC34B3621D
:10A5080020693430FDF7ABFDB06020693830FDF7C5
:10A51800B1FDC6E90401236993F8213003F0020371
:10A52800F371DCE60225B4EB080467F1000785B98E
:10A53800D046A2454FF00003BB410AD23046FEF791
:10A54800D2FC01460128EDD9B0F1FF3FEBD101253E
:10A55800E9E73164002D7FF461AEC4F308039BB1D1
:10A56800DDF86C844046FDF7C5FE08B9022555E6BE
:10A57800640A44EAC754221872640123494698F8C9
:10A588000100FDF743FD48B9002D3FF449AE45E60B
:10A59800072543E6042541E602253FE601253DE679
:10A5A80009253DE62DE9F04F85B004460E461546CF
:10A5B80098460023C8F8003003A9FEF770F8019008
:10A5C800002840F0BE8094F831300193002B40F011
:10A5D800B88094F8303013F0010F00F0D38023696D
:10A5E8006269A06BE16B1B1A62EB0102AB4272F16C
:10A5F800000266D21D4664E0216D19B12046FDF7C0
:10A6080085FE72E0216C2046FEF76DFC6DE04FF090
:10A61800020A84F831A0CDF804A092E04FF0010AB4
:10A6280084F831A0CDF804A08BE04FF0020A84F83A
:10A6380031A0CDF804A084E094F93030002B02DB7F
:10A648004FEA4A272FE0606CA0EB09005045F7D28B
:10A658004FF4007204F1540106EB4020FDF74DFD64
:10A66800EEE7626C4A450DD094F93030002B6CDB74
:10A6780001234A4604F1540103984078FDF7C6FCCB
:10A68800002878D1C4F84490A36BC3F30803C3F53A
:10A698000077BD4200D22F4604F154013A461944CE
:10A6A8003046FDF72AFD3E44A36BE26BFB1842F1EE
:10A6B8000002A363E263D8F800303B44C8F80030D6
:10A6C800ED1B002D3DD0A26BE36BC2F308010029FE
:10A6D800DAD1570A47EAC3570399498901390F4024
:10A6E80009D152EA030187D1A06801288FD9B0F1B6
:10A6F800FF3F93D02064DDF80CB0216C5846FDF77D
:10A70800F9FD8146002890D0B9444FEA552AB5F59D
:10A71800007FA6D307EB0A03BBF80A20934201D9AE
:10A72800A2EB070A53464A4631469BF80100FDF75B
:10A738006DFC002880D04FF0010A84F831A0CDF8D4
:10A7480004A0019805B0BDE8F08F012304F154017D
:10A758009BF80100FDF766FC30B994F8303003F03F
:10A768007F0384F8303083E74FF0010A84F831A082
:10A77800CDF804A0E5E74FF0010A84F831A0CDF840
:10A7880004A0DEE707230193DBE770B5ADF5986D0C
:10A7980004460DF2BC41FDF782FFA0B994F83030B1
:10A7A80013F0400F0FD013F0800F0FD101F0FEF817
:10A7B8000546DDF8BC040378042B1AD0A16CFDF71C
:10A7C800BBFF002872D00DF5986D70BD0123626C37
:10A7D80004F15401DDF8BC044078FDF723FC00289F
:10A7E80040F08C8094F8303003F07F0384F83030E8
:10A7F800DCE72046FEF75EFB0028E4D14FF0FF328D
:10A80800216C2046FEF73EFB0028DCD1DDF8BC3485
:10A8180098AADA60C3F810D021460DF58C60FEF7CF
:10A82800C1FE0028CFD1DDF8BC3419690A7942F09D
:10A8380020020A71E279196942F0010281F82120A7
:10A848001869A1683430FDF73BFCDDF8BC341869A1
:10A85800D4E904233830FDF73DFCDDF8BC34186931
:10A86800D4E904232830FDF735FCDDF8BC34186939
:10A8780029460C30FDF724FCDDF8BC341A690021A8
:10A88800517518691030FDF71BFC0DF58C60FEF74B
:10A8980053FF002897D1DDF8BC04FFF735FC94F886
:10A8A800303023F0400384F830308CE7E66CF37ADC
:10A8B80043F02003F372A26831462068FDF751FD8A
:10A8C800216906F11C00FDF7FBFB294606F116007D
:10A8D800FDF7F6FB002106F11200FDF7EDFBDDF8B0
:10A8E800BC340122DA70DDF8BC04FFF70DFC94F8E3
:10A8F800303023F0400384F8303064E7012062E709
:10A9080010B582B00446FFF740FF08B102B010BD91
:10A9180001A92046FDF7C3FE0028F7D1E06AFDF73C
:10A92800AFFC0028F2D12060F0E730B5ADF2744DED
:10A938000191002869D0044600220DF26C4101A85B
:10A94800FDF75CFF054628B10023236028460DF279
:10A95800744D30BDDDF86C3423609BAADA6003AA1D
:10A968001A6101992046FFF76AFA0546002845D181
:10A9780094F94B30002B0DDBA37913F0100F3CD06A
:10A98800DDF86C542B78042B13D0E16B2846FDF7C7
:10A99800D5FCA060DDF86C34DB88A380002120465C
:10A9A800FEF753FB054648BBA368F3B90023E362EF
:10A9B80024E0A3682362236923F0FF03E2791343A9
:10A9C8006362E36CA36228693430FDF748FBA0603A
:10A9D80028693830FDF74EFBC4E904012B6993F868
:10A9E800213003F00203E371D4E700212046FDF78C
:10A9F800F5FBE06210B9122502E00525042D02D00E
:10AA0800002DA3D0A0E705259EE709259EE710B5F0
:10AA180082B0044601A9FDF742FE20B9E36A23B9D2
:10AA280008B90023236002B010BD1846FDF728FCC2
:10AA3800F6E770B5ADF58D6D05460C460DF264412F
:10AA4800FDF72DFE0646F0B9C4B1DDF8643499AAC5
:10AA5800DA6001AA1A6100212846FEF7BCFD042825
:10AA680000D0A0B921462846FFF703F80021284660
:10AA7800FEF78FFC042806D0064604E0002128468D
:10AA8800FEF7E3FA064630460DF58D6D70BD0646B5
:10AA9800F9E770B505460C4621462846FFF7C9FF79
:10AAA8000646B4FA84F35B09002818BF43F0010393
:10AAB80053B9A37E43B100231A4604F11A01286D45
:10AAC800FDF774FD0028E7D0304670BD38B5044660
:10AAD8000D4603651146FFF728FF00B138BD29462A
:10AAE8002046FFF7D6FFF9E7134B5B7A13BB10B587
:10AAF800044603F0FF00104B93F809C05FFA8CFC82
:10AB08004FF0000E03F80CE093F809C003EB8C0C2F
:10AB1800CCF804405C7A1C4422725A7A541CE4B281
:10AB28005C7230320A703A234B702F238B7081F895
:10AB380003E010BD012070472801002008B500225D
:10AB4800FFF7D2FF08BD00007F2817D931B1FF28D1
:10AB580013D880380A4B33F81000704700237F2B36
:10AB680007D8074A32F81320824202D001339BB239
:10AB7800F5E703F18000C0B270470020704700BFBE
:10AB880020FD0008B0F5805F07D2244B19884A1EC3
:10AB980092B2904240D910B507E0214BF6E77346D0
:10ABA80019884A1E92B2904219D903F1040E5B88A3
:10ABB8001A0ADBB203EB010C604504DB002AEED174
:10ABC8000EEB4303ECE7082A09D8DFE802F0050991
:10ABD8000F1215181B1E2100441A3EF8140010BD50
:10ABE800431A03F00103C01A80B2F8E7103880B2A4
:10ABF800F5E7203880B2F2E7303880B2EFE71A384C
:10AC080080B2ECE7083080B2E9E7503880B2E6E776
:10AC1800A0F5E35080B2E2E7704700BF2CFB0008C4
:10AC280070FA000810B58AB00023079308930993B7
:10AC3800009301930293039304930593069370483A
:10AC4800704A02604FF40022426083600122C260B1
:10AC580008210161037542750C2181610377042184
:10AC68000162436283620324C4620363436380F81E
:10AC78003820C1634021016443648264F6F7A2F975
:10AC8800002840F093800023079307A95C48F6F753
:10AC9800C3FA002840F08D805B4B00930623019394
:10ACA8000423029340F2FF72039204934FF400438B
:10ACB800059369465248F5F7B5FD00287CD1534BFA
:10ACC80000930C23019369464D48F5F7ABFD002826
:10ACD80075D14F4B00931223019369464848F5F705
:10ACE800A1FD00286ED14B4B0093182301936946B0
:10ACF8004348F5F797FD002867D1474B00934FF479
:10AD0800807301930023059369463D48F5F78AFD52
:10AD180000285DD1414B00934FF48373019369463A
:10AD28003748F5F77FFD002855D13D4B00934FF488
:10AD38008673019369463248F5F774FD00284DD1B2
:10AD4800384B00934FF48973019369462C48F5F703
:10AD580069FD002845D1344B00934FF48C7301935F
:10AD680069462748F5F75EFD00283DD12F4B009333
:10AD78004FF40073019369462148F5F753FDB0BBC2
:10AD88002B4B009340F20623019369461C48F5F7C4
:10AD980049FD78BB274B00934FF403730193694631
:10ADA8001748F5F73FFD40BB0AB010BD01F01EFB88
:10ADB80069E701F01BFB6FE701F018FB7FE701F083
:10ADC80015FB86E701F012FB8DE701F00FFB94E716
:10ADD80001F00CFB9EE701F009FBA6E701F006FB7A
:10ADE800AEE701F003FBB6E701F000FBBEE701F0B8
:10ADF800FDFAC5E701F0FAFACCE701F0F7FAD3E774
:10AE0800AC010020002002400002B0252000F01410
:10AE18001000C010000180210800900C8000501D17
:10AE28000080F03E0040C03A000052470000214335
:10AE38000000844B0000B84F70B58AB0002305931A
:10AE4800069307930893099302683A4B9A4201D0F4
:10AE58000AB070BD0446384BD3F8D82042F020021F
:10AE6800C3F8D820D3F8D82002F020020192019A22
:10AE7800D3F8E02042F00102C3F8E020D3F8E02044
:10AE880002F001020292029AD3F8E02042F0040292
:10AE9800C3F8E020D3F8E02002F004020392039AFA
:10AEA800D3F8E02042F00202C3F8E020D3F8E03003
:10AEB80003F002030493049BFF23059303260696DD
:10AEC80005A91E48F7F7B4FE30230593069600251A
:10AED800079505A91A48F7F7ABFE05960696079554
:10AEE80005A91848F7F7A4FE1748184B036009236B
:10AEF80043608560C5604FF4806303614FF48053FD
:10AF080043614FF4804383614FF48073C3614FF40E
:10AF180040330362042343628662C5620563F6F721
:10AF2800F3FC18B9084BE3649C6391E701F05EFAFF
:10AF3800F8E700BF00200240004402580000025811
:10AF48000008025800040258340100201000024092
:10AF58002DE9F04F83B0824689469046504C514BBC
:10AF68004EF6602250499FED510A204603F078FEC4
:10AF780023464F4A4F49504802F0BFFC0A20F5F7D4
:10AF8800A5FB012323614D4B1B685B084C4A1360EA
:10AF9800002419E0424E4FEA840B4A4F3346464A92
:10AFA800294607EB840002F01FFD002157F8240012
:10AFB80002F08EFD3146DFED440A9FED440A444815
:10AFC800584402F0C3FA0134FF2C1DDC414D05EB57
:10AFD8008405394A0121284602F0DDFC374B1B68FD
:10AFE800A342D7D93C49230101EB0412C8589368FE
:10AFF80000935368D268394901EB8001354850F80D
:10B00800240002F0E8FCC5E7002500E00135012D29
:10B0180011DC0024012CF9DC04EB4500204AF6EE93
:10B02800000A9FED2F0A01212E4B03EB800002F04E
:10B0380037FB0134EEE700240AE01949DFED2A0A5C
:10B048009FED220A294800EB840002F07FFA0134C0
:10B058000B2CF2DD0023124A136104E0244A00217C
:10B0680042F8231001337F2BF8DD164B186802F0E5
:10B0780033FD0120F5F72AFB80221D494846FAF7DF
:10B0880099FF1C4B187080221B494046FBF714F8A7
:10B098001A4B1870504600F0B5FB03B0BDE8F08FAE
:10B0A80040F9002039C10008E00E002000803B472D
:10B0B80058EB070000000024D80E0020A8FF00204D
:10B0C800980200209C0600200AD7233C00000000BC
:10B0D8009C0200209C0A0020ACFF00200000806039
:10B0E80000A08C4688020020CDCCCC3D9C0E0020D0
:10B0F800400200309EF90020400000309DF90020F9
:10B10800F0B52DED028B85B0054600240EE0BF4B4F
:10B1180053F8240002F022FAF7EE007A77EEC07AAC
:10B12800BB4B03EB8403C3ED007A0134072CEEDD3F
:10B1380008240B2C0BDCB54B53F8240002F00EFA54
:10B14800B34B03EB840383ED000A0134F1E7B04B02
:10B15800D3ED017A93ED097A77EE877AF5EEC07A26
:10B16800F1EE10FA09D4F7EE006AF4EEE67AF1EEA1
:10B1780010FA04DDF0EE667A01E0DFEDA67AA64B60
:10B188001B6806EE903AF8EE666A66EEA77A9FEDBF
:10B19800A36A67EE867AFDEEE77AF8EEE77A013B76
:10B1A80006EE103AB8EE466AF5EEC07AF1EE10FAFD
:10B1B80007D4F4EEC67AF1EE10FA04DDF0EE467A22
:10B1C80001E0DFED947AFDEEE77A954BC3ED007A66
:10B1D8008F4BD3ED057A77EE277AF5EEC07AF1EE4C
:10B1E80010FA09D4B7EE007AF4EEC77AF1EE10FA45
:10B1F80004DDF0EE477A01E0DFED867A66EEA77AA5
:10B208009FED867A67EE877AFDEEE77AF8EEE77AC1
:10B21800F5EEC07AF1EE10FA07D4B4EEE76AF1EE73
:10B2280010FA04D5F0EE467A01E0DFED7A7A76EE90
:10B23800A76AFDEEE66A7A4BC3ED016A002430E0A6
:10B24800774F57F82420774B53F8220002F044FC3C
:10B2580057F82420744B53F822006D4B03EB04126B
:10B2680092ED000AD3ED087A30EE270AB5EEC00A4F
:10B27800F1EE10FA09D4F7EE007AB4EEE70AF1EE2F
:10B2880010FA04DDB0EE670A01E09FED620A02F0F1
:10B2980062F9634B53F82420644B43F8242019E0E7
:10B2A8000134012C3FDC05EB840696ED007ADFEDD6
:10B2B800607AB4EEE77AF1EE10FA0BDD5D4B03EB42
:10B2C800840393ED007ADFED5C7AB4EEE77AF1EE71
:10B2D80010FAB5D4594B1B68002BE1DD96ED007AC6
:10B2E800DFED577AB4EEE77AF1EE10FAD8D5514B84
:10B2F80003EB840393ED007ADFED527AB4EEE77A3C
:10B30800F1EE10FACCDD464B53F82430454E56F892
:10B31800230002F02FFC454B53F8243056F8230045
:10B3280002F028FCBCE72A68424B1A606A685A6037
:10B33800374B93ED028AD3ED0A7A38EE278AB5EEB9
:10B34800C08AF1EE10FA09D4F7EE007AB4EEE78A73
:10B35800F1EE10FA04DDB0EE678A01E09FED2D8A68
:10B36800F1EE007A28EE278A8DED028A284BD3ED7C
:10B37800068AD3ED0B7A78EEA78AF5EEC08AF1EE4D
:10B3880010FA09D4F7EE007AF4EEE78AF1EE10FA33
:10B3980004DDF0EE678A01E0DFED1E8AF1EE007A47
:10B3A80068EEA78ACDED038A274B1868DFED277A68
:10B3B800B4EEE78AF1EE10FA09D4DFED187AB4EEAC
:10B3C800E78AF1EE10FA1DDDB0EE670A01E09FEDA5
:10B3D8001F0ADFED1F7A20EE270A02F0A7F91A4BA1
:10B3E8009868DFED1A7AF4EEE78AF1EE10FA31D4B4
:10B3F800DFED0A7AF4EEE78AF1EE10FA45DDB0EEF9
:10B40800670A29E0B0EE480AE3E700BF9C0E002077
:10B41800180200200000000098020020A4707D3F60
:10B42800800200209C0600209C0200207802002058
:10B438008FC2F53D10020020CDCCCC3DCC0E0020B3
:10B448008FC2F5BDCDCCCCBD880200206F12833AE7
:10B4580000A08C461FED030A5FED037A20EE270A51
:10B4680002F064F9704B5868DFED707AB4EEE78A41
:10B47800F1EE10FA0CD4DFED6E7AB4EEE78AF1EE55
:10B4880010FA20DDB0EE670A04E0B0EE680AE3E7E0
:10B498009FED660ADFED677A20EE270A02F046F98B
:10B4A800614BD868DFED617AF4EEE78AF1EE10FAC5
:10B4B8000CD4DFED5F7AF4EEE78AF1EE10FA0FDDD7
:10B4C800B0EE670A04E0B0EE480AE3E79FED570ADA
:10B4D800DFED587A20EE270A02F028F900240BE065
:10B4E800B0EE680AF4E7544B1B68934213D9B0EEE8
:10B4F800480A03F099FB01342246504B1B689C42D2
:10B508000ED24F4B53F82400836D002BEBD1436DC3
:10B51800012BF0D1E7E7B0EE680A03F085FBEAE714
:10B5280000232B606B6000242FE00023009301931D
:10B538008369022B38D002F08BFC8DED000A2B6852
:10B548000193404B53F8240002F008F8B0EE408A0B
:10B55800394B1B68B34294BF002701273A4A526807
:10B56800002A36D1B34223D89DED000A2E4B186825
:10B5780002F09BF88DED000AD5ED007A20EE080A5E
:10B5880077EE807AC5ED007A013426462B4B1B688E
:10B598009C4243D22A4B53F82400836D002BC4D11C
:10B5A800436D012BF0D1C0E7694602F061FFC8E79F
:10B5B8009DED000A1C4B986802F077F88DED000AA3
:10B5C800D5ED017A20EE080A77EE807AC5ED017A8A
:10B5D800DAE7154E9DED000A56F8370002F065F8D7
:10B5E8008DED000A06EBC7069DED010A706802F0B2
:10B5F8005CF88DED010AD5ED007A9DED007A27EE15
:10B60800087A77EE877AC5ED007AD5ED017A20EED3
:10B61800080A77EE807AC5ED017AB5E79FED0B0A47
:10B6280005B0BDEC028BF0BD880200206F12833A92
:10B63800A4707D3F00A08C4698020020A8FF00203F
:10B648009C0600209C020020CC0E00200000000078
:10B65800F0B583B0064601F08FFB002416E0284BB6
:10B6680053F824309B1100EE103AB8EEC00ADFED13
:10B67800257A20EE270A244B03EB840383ED000A86
:10B68800224B53F8240001F066FF01340B2CE6DD51
:10B698001F4B1B7893BB03B0F0BD35191D4B53F8F6
:10B6A800252007EE902AF8EEE77A9FED1B7A67EEE1
:10B6B800877ACDED007A6F1C03EB8703D3ED007A10
:10B6C800F8EEE77A67EE877ACDED017A6846FFF7FC
:10B6D80017FDDDED007AFEEEE07A104B17EE902AAA
:10B6E80043F82520DDED017AFEEEE07A17EE902A88
:10B6F80043F8272002343F2CCFDDCCE70024FAE7BB
:10B70800000000300000803A480200209C0E002013
:10B718009CF9002040000030F6FFFF2F4002003067
:10B72800704708B54020FFF793FF08BD08B5002013
:10B73800FFF78EFF08BD000000B583B000931346E5
:10B748000A4601460348FBF77BF800B1012003B025
:10B758005DF804FB8412012000B583B00093134602
:10B768000A4601460348FBF76DF900B1012003B012
:10B778005DF804FB8412012008B50348FBF7B2FD0D
:10B78800043818BF012008BD8412012008B50146FD
:10B798000148FBF729FD08BD84120120704708B550
:10B7A800FFF7FCFF08BD704708B5FFF7FCFF08BDB1
:10B7B80000B583B001238DF8073000F0F9F810B90F
:10B7C80000238DF807309DF8070003B05DF804FBEF
:10B7D80038B5FFF7EDFF012802D00225284638BD0D
:10B7E80004460748FBF78FFD05460028F6D14FF4BD
:10B7F80080410348FBF70AFD0028EFD02546EDE716
:10B80800841201202DE9F04F83B0054601224FF440
:10B8180080414348F7F711FB0220F4F757FF414CEA
:10B828004FF0070A84F800A04FF0030B84F801B02A
:10B838003D4E3E4F3B6800933388224620212846E0
:10B84800F7F7FAFDDFF8EC8088F800004FF00109FF
:10B8580084F80090412363703B6800933388224644
:10B8680020212846F7F7E8FD88F800004FF002038A
:10B878002370002363703B6800933388224620219D
:10B888002846F7F7D9FD88F8000084F800B0792336
:10B8980063703B6800933388224620212846F7F7D7
:10B8A800CBFD88F800000423237084F801903B68DE
:10B8B80000933388224620212846F7F7BDFD88F8F3
:10B8C80000000523237084F801903B6800933388B7
:10B8D800224620212846F7F7AFFD88F80000062306
:10B8E8002370102363703B6800933388224620211D
:10B8F8002846F7F7A1FD88F8000084F800A04FF06B
:10B90800020363703B68009333882246202128464F
:10B91800F7F792FD064B83F8009003B0BDE8F08F6F
:10B9280000080258A0F900200C00002008000020A0
:10B938009CF900209FF9002000B583B0134BD3F881
:10B94800D82042F00102C3F8D820D3F8D83003F049
:10B9580001030193019B002201210B20F5F744FD0F
:10B968000B20F5F751FD002202210C20F5F73CFDD4
:10B978000C20F5F749FD002203210D20F5F734FDD1
:10B988000D20F5F741FD03B05DF804FB00440258B3
:10B9980008B503490348FFF7D1F8034B187008BDF1
:10B9A80038FE002020FE00083CFE002000207047E2
:10B9B80010B5074C4FF400512046F7F737FA4FF40B
:10B9C80000512046F7F732FA012800D0002010BDB8
:10B9D80000080258F0B587B000230193029303933F
:10B9E80004930593274B1B680BB107B0F0BD254B9B
:10B9F80001221A60244BD3F8D42042F48052C3F8B1
:10BA0800D420D3F8D43003F480530093009B4FF62E
:10BA18003F03019302260296032504950C240594FE
:10BA280001A91A48F7F704F90D2301930296002794
:10BA380003970495059401A91548F7F7F9F848F212
:10BA480037130193029603970495059401A91148A9
:10BA5800F7F7EEF84FF68373019302960397049570
:10BA6800059401A90C48F7F7E3F84CF20373019326
:10BA7800029603970495059401A90848F7F7D8F8A2
:10BA8800B3E700BF40FE00200044025800140258EB
:10BA9800000802580018025800100258000C0258FA
:10BAA80000B589B00023019302930393049305938F
:10BAB800069307931748184A026043600122826080
:10BAC8000822C26010220261402242614FF4807253
:10BAD8008261C3614FF4406202624FF48052426255
:10BAE80083620223019306220292042103910492A5
:10BAF8000593069307936944FBF780FD30B94FF02F
:10BB08008070F4F7FDFD09B05DF804FB00F06EFCF1
:10BB1800F5E700BF44FE00204041005208B5FFF79A
:10BB280059FF08BD2DE9F0438FB0002409940A9409
:10BB38000B940C940D946A4BD3F8E02042F0100259
:10BB4800C3F8E020D3F8E02002F010020192019A35
:10BB5800D3F8E02042F00402C3F8E020D3F8E02054
:10BB680002F004020292029AD3F8E02042F0200286
:10BB7800C3F8E020D3F8E02002F020020392039AF1
:10BB8800D3F8E02042F08002C3F8E020D3F8E020A8
:10BB980002F080020492049AD3F8E02042F00102F5
:10BBA800C3F8E020D3F8E02002F001020592059ADC
:10BBB800D3F8E02042F00202C3F8E020D3F8E020F6
:10BBC80002F002020692069AD3F8E02042F0400200
:10BBD800C3F8E020D3F8E02002F040020792079A69
:10BBE800D3F8E02042F00802C3F8E020D3F8E030B0
:10BBF80003F008030893089B3A4E22464FF480410D
:10BC08003046F7F71AF94FF40059CDF824900A9402
:10BC180002250B9509A93046F7F70AF84FF4804337
:10BC2800099301270A970B950C9409A93046F6F752
:10BC3800FFFF48F20203099303250A950B9409A90B
:10BC48003046F6F7F5FF4FF4F86309930A950B941D
:10BC580009A92548F6F7ECFF4FF2F43309930A9542
:10BC68000B9409A92148F6F7E3FF41F6F803099375
:10BC78000A950B94DFF87C8009A94046F6F7D8FFAF
:10BC8800CDF824900A940B9709A94046F6F7D0FFFF
:10BC980047F6086309930A950B9408F5406809A9C3
:10BCA8004046F6F7C5FF402309930A940B9709A964
:10BCB8004046F6F7BDFFC02309930A940B9709A9DC
:10BCC8003046F6F7B5FF4FF4004309930A950B94F5
:10BCD80009A90748F6F7ACFF0FB0BDE8F08300BF2D
:10BCE8000044025800080258001402580004025880
:10BCF80000000258000C025802680A4B9A4200D011
:10BD0800704782B0084BD3F8F02042F00052C3F8D5
:10BD1800F020D3F8F03003F000530193019B02B0F8
:10BD2800704700BF007401400044025810B588B045
:10BD380000230393049305930693079302681A4B11
:10BD48009A4201D008B010BD184BD3F8E02042F059
:10BD58004002C3F8E020D3F8E02002F0400201924C
:10BD6800019AD3F8E02042F00102C3F8E020D3F8AA
:10BD7800E03003F001030293029B80230393022423
:10BD88000494079403A90A48F6F752FF4FF4F853AE
:10BD980003930494002305930693079403A9054885
:10BDA800F6F746FFCEE700BF007401400044025892
:10BDB800001802580000025800B589B00023049307
:10BDC8000593069307930193029303934348444AC8
:10BDD800026043608360F7F7DDF800285CD143F622
:10BDE800FF73049300230593052306930823079301
:10BDF80004AA01213948F7F73BF900284FD140F24E
:10BE0800FF73019300230293039301AB08220121DE
:10BE18003248F7F747F9002844D104AA02212F48ED
:10BE2800F7F726F9002840D101AB102202212B4850
:10BE3800F7F738F900283BD101AB20220221274827
:10BE4800F7F730F9002836D104AA03212348F7F779
:10BE58000FF998BB01AB402203212048F7F722F9DC
:10BE680078BB01AB802203211C48F7F71BF958BBAC
:10BE780004AA04211948F7F7FBF840BB01AB4FF4BB
:10BE8800007204211548F7F70DF918BB1348FFF79E
:10BE98004DFF09B05DF804FB00F0A8FA9FE700F039
:10BEA800A5FAACE700F0A2FAB7E700F09FFABBE703
:10BEB80000F09CFAC0E700F099FAC5E700F096FA9E
:10BEC800C8E700F093FACCE700F090FAD0E700F06A
:10BED8008DFAD3E700F08AFAD8E700BF78FE002091
:10BEE8000074014008B51248124B0360124B4360BE
:10BEF800002383600122C260036143618361C361DF
:10BF08000362F7F73BFA50B900210948F7F752FBEB
:10BF180040B900210648F7F77BFB30B908BD00F0AF
:10BF280065FAF1E700F062FAF3E700F05FFAF5E787
:10BF380054FF002000580040DB3FB00010B588B027
:10BF48000023039304930593069307930268164B03
:10BF58009A4201D008B010BD144CD4F8E03043F038
:10BF68000203C4F8E030D4F8E03003F00203019390
:10BF7800019B4FF440630393122304930323069316
:10BF88000423079303A90A48F6F752FED4F8E830C9
:10BF980043F48003C4F8E830D4F8E83003F48003AD
:10BFA8000293029BD6E700BF0058004000440258A5
:10BFB80000040258BFF34F8FBFF36F8F084B002266
:10BFC800C3F85022BFF34F8FBFF36F8F5A6942F403
:10BFD80000325A61BFF34F8FBFF36F8F704700BFB6
:10BFE80000ED00E010B4154B0022C3F88420BFF325
:10BFF8004F8FD3F88040C4F34E3000E01846C4F3A6
:10C00800C90243F6E07303EA401343EA82730B491B
:10C01800C1F860321346013A002BF2D1431E0028C2
:10C02800ECD1BFF34F8F4B6943F480334B61BFF3BF
:10C038004F8FBFF36F8F5DF8044B704700ED00E042
:10C048000B4AD2F8FC3043F08073C2F8FC30094B3D
:10C05800D3F8B43F13F0010F03D0064B064AC3F8D8
:10C06800B02F044B00225A60044A1A60704700BF80
:10C0780000ED00E0001000E055CEACC50100004026
:10C088002DE9F04387B00026059601250195102774
:10C09800029703950496254C4FF6FF7201A9204696
:10C0A800FBF7D4FA2846F4F711FB02230193029711
:10C0B800039504964FF6FF7201A92046FBF7C6FACE
:10C0C80040F2222305930423019302970395059BCD
:10C0D80004934FF6FF7201A92046FBF7B7FA4FF019
:10C0E8000309CDF8049002974FF00808CDF80C80AA
:10C0F80004964FF6FF7201A92046FBF7A7FA2846D7
:10C10800F4F7E4FACDF804900297CDF80C80049681
:10C118004FF6FF7201A92046FBF798FA40F26951E1
:10C128002046FBF7B4FA07B0BDE8F08344FE0020D0
:10C1380000B583B001A90748F9F79FFBDDED017A47
:10C14800F8EE677A9FED040A27EE800A03B05DF8DF
:10C1580004FB00BF4C1001200D00802F134B53F837
:10C1680020300BB3114B53F82020114B53F83030CB
:10C178009A4203D30E4B53F830302BB90B4B53F87C
:10C1880020200B4B43F83020084B53F82020084B55
:10C1980003EBC0035B689A4206D9044B53F820208E
:10C1A800034B03EBC0035A60704700BFD00F012058
:10C1B800B00F012030B583B06420F4F787FA00206F
:10C1C800FBF710FF0020FBF701FF0122304931483F
:10C1D800FDF7E0FF30B100222F491046FDF7DAFFE6
:10C1E80003B030BD0024009401942C4B5B6800938D
:10C1F8002B4B274A2B492C48FEF768FC0546294B50
:10C208009B7E002B35D0002D33D1FF2C31D8274B06
:10C218001B68002B2DD1112225492648FDF7EAFF7E
:10C228000028ECD12301244A1168244AD15021481E
:10C2380000F058FE012808D01E48FEF761FB194996
:10C248001948FEF726FC0546D9E71D4A95691B499A
:10C25800200101EB04135D60D2699A60164A1268E6
:10C268000958521ADA600134164A13680133136008
:10C27800E2E70D48FEF7CBFB084B5B680193019B97
:10C28800009A9B1A104A13600020FFF767FFA2E785
:10C2980038FE002000FC0020BCF90008001000E077
:10C2A800C8F90008C0EB072460EB0724A4FF0020AE
:10C2B800DAEB0724A8F90020AC0F0120ACFF00201E
:10C2C8002C130120A8FF0020D00F012070B5234BAC
:10C2D800234DC3F8805143F6FF74C3F89441C82135
:10C2E800C3F89C11C3F8A4110826C3F8C06104223E
:10C2F800C3F8BC211020C3F8C801C3F8C421C3F88F
:10C308008052C3F89442C3F8A412C3F8C802C3F811
:10C31800C422C3F80051C3F81441C3F82411C3F868
:10C328004801C3F84421C3F80052C3F81442C3F8C3
:10C338001C12C3F82412C3F84062C3F83C22C3F8A5
:10C348004802C3F844224FF470121A604FF43E7248
:10C35800C3F894230348FFF7E9FC70BD007401405B
:10C368000800020878FE002070B584B0F5F76EF872
:10C3780001248DF800404FF04053019311238DF8AC
:10C38800083003268DF80B608DF80A4000258DF8DB
:10C398000E508DF80F508DF80D508DF801508DF816
:10C3A80009508DF80C406846F5F76EF88DF8004096
:10C3B8004FF0605301930F238DF808308DF80B6010
:10C3C8008DF80A408DF80E408DF80F408DF80D401D
:10C3D8008DF801408DF809508DF80C506846F5F736
:10C3E80053F80420F5F740F804B070BDFEE70000EC
:10C3F80000B5CDB04C22002139A802F098FC2022CB
:10C40800002131A802F093FCBC22002102A802F00E
:10C418008EFC0220F7F7B4F9002301933E4B9A698A
:10C4280042F440429A619B6903F4404301933B4BB9
:10C43800DA6A42F00102DA62DB6A03F0010301936F
:10C44800019B354B9B6913F4005FFAD0344A936A19
:10C4580023F0030343F002039362232339934FF439
:10C4680080333A9301233C9340223D923F93022329
:10C478004293439305224492C022459246934793A0
:10C4880048930823499300234A934B9339A8F7F715
:10C49800A1F9002839D13F23319303233293002394
:10C4A8003393082334934023359336934FF48062B3
:10C4B80037923893042131A8F7F780FD38BB194B20
:10C4C8000293192303934FF4AC7304930723059342
:10C4D8000223069307930023089309930A9313935F
:10C4E8004FF48032159216930122179221932293CA
:10C4F8004FF400332A934FF480432F9302A8F7F7A1
:10C50800D1FF30B94DB05DF804FBFFF76FFFFFF7BF
:10C518006DFFFFF76BFF00BF00480258000400588A
:10C528000044025808010B9110B5FFF71DFFFFF7F3
:10C5380041FDFFF757FDF4F789F8FFF759FFFFF7BB
:10C54800F1FAFFF7F9F900F065F8FFF7A9FA00F03A
:10C5580041FAFFF71DFA00F0BFF800F091F8FFF775
:10C56800C1FCFEF75FFBFFF727FC6420F4F7AEF889
:10C57800214C00224FF480412046F6F75EFCF1EE94
:10C58800103A43F08073E1EE103A01224021204630
:10C59800F6F753FC0A20F4F799F8FFF771FD0A2023
:10C5A800F4F794F8FFF74CFDFFF702F938B90C22BD
:10C5B80012491348F4F7C6FB20B1FFF717FFFFF73E
:10C5C800F9FDF4E70F4A10491048FEF7C1FCFFF7E0
:10C5D8007DFE04E0012210210D48F6F72EFC4FF4F1
:10C5E80000510548F6F722FC0028F3D1002210215B
:10C5F8000748F6F722FCF2E700080258000000306E
:10C60800AC01002054110120EC11012054FF00203E
:10C618000004025800B583B0164BD3F8D42042F07A
:10C628000102C3F8D420D3F8D43003F001030193F6
:10C63800019B1148114B03601F2343600023836053
:10C64800C36003610222426108228261C3610362FE
:10C658004FF00072426201228262C3620363436345
:10C668008363F7F75DF810B903B05DF804FBFFF7D3
:10C67800BDFEF9E700440258E00F012040000052D7
:10C6880008B50648064B036000234360F9F7BAF87B
:10C6980000B908BDFFF7AAFEFBE700BF4C10012058
:10C6A8000018024802680A4B9A4200D0704782B0CC
:10C6B800084BD3F8DC2042F04002C3F8DC20D3F862
:10C6C800DC3003F040030193019B02B0704700BFC8
:10C6D800001802480044025808B51948194B03606D
:10C6E8000021416081604FF400534361816104235C
:10C6F800C3614BF680330362C160C1620163416369
:10C7080002230322F9F7DCFB98B90F480F4B0360AB
:10C718000322426001238360002141610423C36135
:10C72800C160C162016341630223F9F7C9FB18B90B
:10C7380008BDFFF75BFEE8E7FFF758FEF8E700BF24
:10C74800EC110120045801405411012024580140E3
:10C7580070B588B004460268584B9A4205D02268E2
:10C76800574B9A4256D008B070BD564B1B68002BE9
:10C7780037D0544A13680133136074230393022398
:10C78800049300250595032606960623079303A917
:10C798004D48F6F74DFA4D484D4B0360572343601B
:10C7A80040238360C5604FF4806303614FF4805376
:10C7B80043614FF4804383614FF48073C3614FF446
:10C7C80040330362042343628662C5620563F5F75A
:10C7D8009BF8E0B93D4BC4F884309C63C4F88030C2
:10C7E800BDE73C4BD3F8F02042F48002C3F8F020B8
:10C7F800D3F8F03003F480030193019B0022114623
:10C808005720F4F7F1FD5720F4F7FEFDB1E7FFF7E5
:10C81800EDFDDFE72B4B1B68002B36D0294A136848
:10C82800013313600823039302230493002505951D
:10C83800032606960623079303A92348F6F7F8F973
:10C848002548264B0360582343608560C5604FF434
:10C85800806303614FF4805343614FF480438361E5
:10C868004FF48073C3614FF440330362042343627F
:10C878008662C5620563F5F747F8E0B9164BC4F858
:10C8880084309C63C4F880306DE7124BD3F8F020F5
:10C8980042F48002C3F8F020D3F8F03003F48003A8
:10C8A8000293029B002211465720F4F79DFD572062
:10C8B800F4F7AAFDB2E7FFF799FDDFE70458014056
:10C8C800245801406010012000100258DC1001209B
:10C8D8002800024000440258641001204000024031
:10C8E80008B5074B01221A70FEF746FF20B9044A23
:10C8F800137803F0FE031370014B187808BD00BFCE
:10C908000E00002010B50446074B01221A70FEF7EE
:10C918005FFF10B1044B187810BD2046FFF7E0FF09
:10C92800014B1870F6E700BF0E00002008B5FFF7AE
:10C93800D7FF08BD08B5084611461A464FF0FF3321
:10C94800FEF7FAFE30B9FEF717FF03460028FAD1C2
:10C95800184608BD0123FBE708B5084611461A46E4
:10C968004FF0FF33FEF7F8FE30B9FEF705FF034638
:10C978000028FAD1184608BD0123FBE730B58BB073
:10C98800134B187810F001041BD1154603291CD845
:10C99800DFE801F002040A100C4613E001A8FEF7D4
:10C9A800F5FE079B2B600DE001A8FEF7EFFE089B44
:10C9B8002B8007E001A8FEF7E9FE089B5B0A2B60C5
:10C9C80000E0032420460BB030BD0424FAE700BF82
:10C9D8000E000020094B0A4A1A6000225A604FF4E0
:10C9E80080529A604FF48042DA604FF400321A6144
:10C9F80007225A6101229A61704700BF8412012000
:10CA08000070005270B588B0002303930493059317
:10CA1800069307930268264B9A4201D008B070BD6E
:10CA2800244BD3F8D42042F48032C3F8D420D3F86E
:10CA3800D42002F480320092009AD3F8E02042F029
:10CA48000402C3F8E020D3F8E02002F004020192C7
:10CA5800019AD3F8E02042F00802C3F8E020D3F8A6
:10CA6800E03003F008030293029B4FF4F85303935A
:10CA7800022404940125059506940C2607960DEBCF
:10CA880006010D48F6F7D4F804230393049405959A
:10CA9800069407960DEB06010848F6F7C9F8002238
:10CAA80029463120F4F7A0FC3120F4F7ADFCB5E7B6
:10CAB800007000520044025800080258000C025846
:10CAC80082B0074BD3F8F42042F00202C3F8F420F6
:10CAD800D3F8F43003F002030193019B02B07047CE
:10CAE800004402587047FEE7FEE7FEE7FEE770479E
:10CAF8007047704708B5F3F7D7FD08BD08B5024879
:10CB0800F5F7F8FC08BD00BF3401002008B502485D
:10CB1800F5F7F0FC08BD00BFDC10012008B502489D
:10CB2800F5F7E8FC08BD00BF6410012008B502480D
:10CB3800FAF74EFC08BD00BF8412012008B503486F
:10CB4800F9F784FB0248F9F781FB08BDEC110120D5
:10CB580054110120184AD2F8883043F47003C2F8FF
:10CB68008830164B1A6842F001021A6000221A61D6
:10CB780018681349014019609A61DA611A629A6269
:10CB8800DA621A635A639A63DA631A645A64196830
:10CB980021F4802119601A660A4B1B686FF30F0392
:10CBA800B3F1005F03D2084B0122C3F80821024BFE
:10CBB8004FF000629A60704700ED00E000440258B0
:10CBC8007FEDF6EA0010005C0080005182B006EEAE
:10CBD800100A06EE901A07EE102AB8EE466ADFED44
:10CBE800494A26EE246AFCEEC67ACDED017A9DF814
:10CBF800043007EE903AF8EE677A36EE676A424AF2
:10CC080032F8131007EE901AF8EEE77A9FED3F4AD4
:10CC180067EE847AB7EE005A75EE465A67EEA57A43
:10CC2800013332F8133005EE903AF8EEE55A65EE26
:10CC3800845A25EE866A77EE867AFCEEE77A17EE56
:10CC4800903A9BB2324AC2F8A432F8EE666A66EEAF
:10CC5800A46AFCEEE67ACDED017A9DF8043007EE81
:10CC6800903AF8EE677A76EEE76A2A4931F81300C7
:10CC780007EE900A35EE666AF8EEE77A67EE867A8E
:10CC8800013331F8133006EE103AB8EEC66A66EE94
:10CC9800266A77EEA67AFCEEE77A17EE903A9BB210
:10CCA800C2F82431B8EE477A27EE247AFCEEC77A28
:10CCB800CDED017A9DF8043007EE903AF8EE677AE8
:10CCC80037EE677A144931F8130007EE900A35EE0B
:10CCD800475AF8EEE77A67EE857A013331F8133070
:10CCE80006EE903AF8EEE66A26EE877A77EE877ACD
:10CCF800FCEEE77A17EE903A9BB2C2F89C3102B08C
:10CD0800704700BF0000803D600000209A99993F5D
:10CD1800007401403C00002018000020052804D9B8
:10CD28008001044BC3F8A4017047024BC822C3F822
:10CD3800A421704700740140052804D98001044BE0
:10CD4800C3F81C027047024BC822C3F81C22704764
:10CD58000074014008B5064B1B78064803EB4303F3
:10CD6800C1188A784978C05CFFF730FF08BD00BF5A
:10CD7800051301208400002038B54D4B1B7803B9FA
:10CD880038BD4FF400514B48F6F750F8B0FA80F030
:10CD98004009494C2070494D40212846F6F746F88D
:10CDA800B0FA80F04009607080212846F6F73EF816
:10CDB800B0FA80F04009A07040214148F6F736F8F3
:10CDC800B0FA80F04009E070002316E08A4213D0E0
:10CDD8003C4951F8231079B1012A04D032B93A49B3
:10CDE8000120C85402E039490120C8543849CA54BE
:10CDF800344A002142F823100133032B0FDC2E4A5A
:10CE0800D25C3349C95C8A42E0D02E4850F82300EE
:10CE18000028DBD101302B4A42F82300ECE72B4BEA
:10CE28001B78012B19D0294B5B78012B23D0274B7A
:10CE38009B78012B2DD0254B9B78012BA0D1254B1E
:10CE48009868B0FA80F0400998604042C0B2FFF795
:10CE580073FF1E4B0022DA7092E71F4B19781F4AA6
:10CE6800117000241C701E4B01221A70FFF772FF0C
:10CE7800164B1C70D7E7174B1868B0FA80F04009BA
:10CE880018604042C0B2FFF749FF104B00225A70A9
:10CE9800CDE7104B5868B0FA80F04009586040421E
:10CEA800C0B2FFF749FF094B00229A70C3E700BFE1
:10CEB8009CF90020000C0258241301200008025895
:10CEC8000018025810130120081301200C13012028
:10CED80020130120CC0E0020051301208200002021
:10CEE80004130120F0B52DED028B85B00446002314
:10CEF8000393AE4D03AB04222946FDF753FB2B7871
:10CF0800522B09D06B78492B06D0AB78462B03D02F
:10CF1800EB78462B40F04A82A54D03AB0422294604
:10CF28002046FDF73FFB2B786A7843EA0223AA786C
:10CF380043EA0243EA7843EA02639C4D6B6003AB21
:10CF4800042205F108012046FDF72CFB03AB04225F
:10CF580005F10C012046FDF725FB0026934B1B7BB2
:10CF6800662B30D0914B5B7B6D2B2CD08F4B9B7BF2
:10CF7800742B28D08D4BDB7B202B24D08C4D03AB1E
:10CF8800042229462046FDF70DFB2A786B7842EAF1
:10CF98000322AB7842EA0342EB7842EA0362854B0C
:10CFA8001A6003AB84492046FDF7FCFA03AB042260
:10CFB80082492046FDF7F6FA0136814B1B689E42EE
:10CFC800CCD90020E6E07A4D03AB0422294620465E
:10CFD800FDF7E8FA2B786A7843EA0223AA7843EA4D
:10CFE8000243EA7843EA0263704E3361754D03AB3E
:10CFF800022229462046FDF7D5FA2B786A7843EABB
:10D0080002237361002200920192ADF80820012BDF
:10D0180000F08D80062B00F08D80072B00F09180AA
:10D02800684E03AB022231462046FDF7BBFA33783F
:10D03800727843EA02235D4FBB615D4D03AB042266
:10D0480029462046FDF7AEFA2B786A7843EA022390
:10D05800AA7843EA0243EA7843EA0263FB6103AB36
:10D06800042229462046FDF79DFA2B786A7843EA80
:10D078000223AA7843EA0243EA7843EA02633B625E
:10D0880003AB022231462046FDF78CFA33787278DA
:10D0980043EA02237B6203AB022231462046FDF7B6
:10D0A80081FA3378727843EA0223BB6203AB042225
:10D0B80007F12C012046FDF775FA00263B4B93F843
:10D0C8002C30642B47D0394B93F82D30612B42D04C
:10D0D800364B93F82E30742B3DD0344B93F82F30C9
:10D0E800612B38D0324D03AB042229462046FDF788
:10D0F80059FA2A786B7842EA0322AB7842EA03426B
:10D10800EB7842EA03622B4B1A6003AB2A492046AC
:10D11800FDF748FA03AB04222B492046FDF742FAF3
:10D128000136274B1B689E42C8D9002032E0274BA6
:10D13800009375E7264B93E803000090ADF80410C0
:10D148006EE7244B93E803000090ADF80410090C37
:10D158008DF8061064E7164D03AB042229462046D5
:10D16800FDF720FA2A786B7842EA0322AB7842EA84
:10D178000342EB7842EA03620C4B1A63D5009869C4
:10D188009E6A06FB00F1B5FBF1F5C9085B69012B46
:10D1980004D0002005B0BDEC028BF0BDB1FBF0F768
:10D1A80007FB00F3994217D00020F3E72C13012066
:10D1B80064130120281301200000006038130120A7
:10D1C80098000020601301205813012050434D009F
:10D1D800D0F90008D8F90008083E182E0ED8DFE864
:10D1E80006F02E0D0D0D0D0D0D0D250D0D0D0D0D52
:10D1F8000D0D280D0D0D0D0D0D0D2B00002307EE47
:10D20800903AF8EEE77AB7EE007A87EE278A684B0D
:10D218001B6805FB0033B3F5C00F12D2B2F5000F3F
:10D2280014D3644B01221A600020B3E747F6FF735A
:10D23800E5E76FF00043E2E76FF00043DFE77F23A5
:10D24800DDE75D4B01221A600020A3E703AB5B49D1
:10D258002046FDF7A7F95A4B00221A60013F032F19
:10D2680000F2A280DFE807F09E7D572D544E326809
:10D2780052498B5C571CCF5D43EA0723971CCF5D4F
:10D2880043EA0743D71CC95D43EA016307EE903AB6
:10D29800F8EEE77A67EE887A0432326044490B6820
:10D2A800484A02EB8302C2ED007A01330B60013079
:10D2B800454B9B698342D9D80134AC4274DC0020C9
:10D2C800F6E70124F9E73E4E32683C498F5C531C6F
:10D2D800CB5C1B0443EA0723971CC95D43EA01633F
:10D2E80007EE903AF8EEE77A67EE887A0332326012
:10D2F8002F490B68334A02EB8302C2ED007A0133EF
:10D308000B600130304B9B698342DCD80134AC425E
:10D318004ADC0020F6E70124F9E7294E326827495C
:10D328008B5C571CC95D090209B20B4307EE903AA2
:10D33800F8EEE77A67EE887A023232601C490B68A9
:10D34800204A02EB8302C2ED007A01330B60013000
:10D358001D4B9B698342E0D80134AC4224DC002099
:10D36800F6E70124F9E7164A13681448C05607EE91
:10D37800900AF8EEE77A67EE887A013313600C4872
:10D388000368104A02EB8302C2ED007A013303609E
:10D3980001310D4B9B698B42E5D80134AC4203DC6B
:10D3A8000021F6E70124F9E70120F3E60020F1E681
:10D3B800AC0F0120A0FF0020A4FF002000000060A7
:10D3C800DC0E0020000080602C13012070B52DEDCC
:10D3D800028B0646B0EE408A0C461568294628207E
:10D3E80000F014FA306005606B68D3ED007AC0ED88
:10D3F800027A9FED1A7A67EE877AF7EE006A86EE70
:10D40800A77A80ED037A07EE904AF8EEE77A67EE9E
:10D41800276AC0ED046A002343618361F4EEC86A99
:10D42800F1EE10FA17DDC0ED076A446290ED076A65
:10D43800F7EE005AC5EE866A27EE267A67EE877AF7
:10D44800C0ED087A9FED067A67EE877AC0ED017A1B
:10D45800BDEC028B70BD80ED078AE6E76F12833A58
:10D468000000000080ED060AD0ED057A30EE670A6C
:10D47800D0ED087A20EE270A80ED010A704780ED8A
:10D48800050AD0ED067A37EEC00AD0ED087A20EE0C
:10D49800270A80ED010A7047D0ED057AD0ED016AC0
:10D4A80077EEA67AC0ED057A90ED067AF4EEC77AA3
:10D4B800F1EE10FA0BDBF5EEC06AF1EE10FA06DDBC
:10D4C8000023436080ED057A90ED050A7047F4EE7D
:10D4D800C77AF1EE10FAF7D8F5EEC06AF1EE10FA55
:10D4E800F2D5EDE790ED050A7047000070B52DED17
:10D4F800028B054610EE104AB0EE608A0E6831467F
:10D50800142000F083F928600660C4600461B5EE59
:10D51800C08AF1EE10FA09D4F7EE007AB4EEE78A81
:10D52800F1EE10FA04DDB7EE008A01E09FED068AFD
:10D5380080ED018AF7EE007A77EEC87AC0ED027ABC
:10D54800BDEC028B70BD00BF0000000008B51431AF
:10D55800FFF7CCFF08BD80ED040A704790ED010A83
:10D56800D0ED047A20EE270AD0ED027A90ED037A06
:10D5780067EE877A30EE270A80ED030A70470000CD
:10D58800F8B52DED028B06460F46B0EE408AF0EE58
:10D59800608A15682946542000F038F9044630603E
:10D5A80005606E68D6ED007AC0ED107A96ED010A36
:10D5B80080ED110ADFED346A86EEA77A80ED137AE2
:10D5C8000771002545618561C0ED038A80ED028AF7
:10D5D800DFED2E7A28EE278A20EE080A01F002FCF9
:10D5E80084ED070AF7EE006AC6EEA87AC4ED087A59
:10D5F80070EE277A60EE277A77EEA67A86EEA77A1B
:10D6080084ED097A60EE077AC4ED0A7A20EE270ADB
:10D6180084ED0B0A25636563E563C4ED0E6A042F88
:10D6280009D8DFE807F01608031D25004FF07E53E0
:10D6380063630023A36396ED007ADFED157AB4EEF9
:10D64800E77AF1EE10FA1CDD124B2365BDEC028B74
:10D65800F8BD4FF07E5323630F4BE363A363EAE700
:10D668004FF07E5323630C4BE3630023A363E2E78D
:10D678004FF07E532363084BE3634FF04043A363AB
:10D68800D9E7064B2365E1E700803B47DB0F4940BC
:10D6980000C8AF4744FE0008000080BF443E0108B0
:10D6A80008B51432FFF76CFF08BD90ED066A30EE3E
:10D6B800465A90ED097AD0ED055A27EE257AD0ED35
:10D6C8000A7A67EE856A37EE267A65EEA77A76EEED
:10D6D800277AD0ED0B6A66EE856A77EEA67A77EE42
:10D6E800076A76EEE56AC0ED056A77EEA76A76EE18
:10D6F800C66AC0ED066AD0ED0C6A26EE800AD0ED47
:10D708000D6A66EE876A30EE260AD0ED086A26EEC4
:10D71800877AD0ED0F6A27EE267A30EE077A90EDF9
:10D728000E0A20EE270A37EE000A704710B50446A5
:10D73800D0ED107AB6EE007A67EE877AB5EEC00AB9
:10D74800F1EE10FA07D4F4EEC07AF1EE10FA04D52F
:10D75800B0EE670A01E09FED130A84ED020ADFEDDF
:10D76800127A20EE270AD4ED117A20EE270A01F06A
:10D7780039FB84ED070AD4ED087A70EE277A60EE5B
:10D78800277AF7EE006A77EEA67A86EEA77A84ED16
:10D79800097A60EE077AC4ED0A7A20EE270A84ED4A
:10D7A8000B0A10BD00000000DB0F494043680BB1B5
:10D7B80082689A6083680BB142685A6000234360AC
:10D7C8008360704710B4536810241C639060002372
:10D7D800D3605468236B8B4200D80B461361216BCE
:10D7E8005B1A01440160002141608160C36050619F
:10D7F8005DF8044B704738B504460846114604F1F5
:10D8080018052A46FFF7DEFF656138BDF8B50D46F5
:10D818004A68536C013353644C6994B1C21D22F0B9
:10D828000702E368934220D26468002CF9D12B697F
:10D83800EA689B1A834213D90121686801F044FA07
:10D8480047E00B69CA689B1A834204D901216868BA
:10D8580001F03AFA3DE00021686801F035FA38E055
:10D868000021686801F030FA33E0981AE2606968CC
:10D87800096B814221D2AE68A31B0A441A44B3182B
:10D88800D4F804C0A768401A1944B150C3F804C0BA
:10D898009F60D8606A69A24212D02046FFF786FFCF
:10D8A800EB6869680A6BE06802441344EB600B6933
:10D8B800002B0DDD2168002307E0E3606368E9E7DA
:10D8C8006B61EAE70022CA540133E2689A42F9D848
:10D8D80024682046F8BDF8B506460C4615461F686C
:10D8E80039461820FFF792FF024630607B68436094
:10D8F80029462046FFF766FFF8BD08B51433FFF741
:10D90800EAFF08BD71EE406AB6EE007A66EE876AF5
:10D9180030EE600A70EEC17A71EEC01A71EEC11A6B
:10D9280061EE871A77EEA17A36EE800A30EE677AD2
:10D9380067EE827A77EE877A67EE827A77EEA67A52
:10D9480027EE822A32EE200A7047C16B426B8B1A8F
:10D95800002BB8BF5B424364D0ED127AB8EE677A09
:10D9680007EE903AF8EE677AF5EE006A67EEA67A67
:10D97800B4EEE77AF1EE10FA03DDFCEEE77AC0EDDB
:10D98800127A914203DAFF2380F83130704701237D
:10D9980080F831307047F8B507460D4616683146AD
:10D9A8002420FFF733FF0446386006607768314665
:10D9B800A800FFF72BFF6060D7ED007AFCEEE77A4E
:10D9C800C4ED067A01236361E560002323612362C5
:10D9D800A3602377F8BD416043610099816192FBA0
:10D9E800F3F30361C36070472DE9F84380460F469F
:10D9F80015461E46D2F8009049466820FFF706FFF4
:10DA08000446C8F80000C0F800903A6896ED017A1C
:10DA180080ED027AD6ED007AC0ED037ADFED296A4F
:10DA280067EEA67AC0ED047AD2ED067AF8EE677A48
:10DA380067EE877AC0ED057A5369836142600023F7
:10DA480083654363D368013BC36343640023036274
:10DA5800F5EEC07AF1EE10FA2ED4012380F83030BA
:10DA6800C4ED097AF7EE006A86EEA77A84ED0B7AA0
:10DA7800012184F8301084F8311084F8321000261F
:10DA880084F850604FF4FA73A3642A46B1EE040A8E
:10DA980004F11C00FFF79AFC9FED0B0AE069FFF701
:10DAA800EEFC4FF0FF33A363236484F85C60074BFC
:10DAB80023666366BDE8F883F1EE677AFF2380F892
:10DAC8003030CDE74260E53B00000000000080BF39
:10DAD80080F850107047000010B50446836D002B85
:10DAE80007DC002B10DA4FF0FF3383650123436511
:10DAF80009E04FF0FF338365012343659FED1C0A5E
:10DB0800C069FFF7AFFC10BD01238365002343659F
:10DB1800B7EE000AC069FFF7A5FC94F93030002B76
:10DB280014DD94F93130002B09DDD4ED0D7AF8EECF
:10DB3800E77AC4ED087A2046FFF707FFE3E7D4ED5C
:10DB48000F7AF8EEE77AC4ED087AF4E794F9313001
:10DB5800002B06DDD4ED0F7AF8EEE77AC4ED087AEB
:10DB6800E9E7D4ED0D7AF8EEE77AC4ED087AE2E752
:10DB78000000000008B54FF0FF3383659FED020AEF
:10DB8800C069FFF76FFC08BD0000000038B5044607
:10DB9800836D002B41D0C26B8A4251DA4FF0FF30BF
:10DBA80094F9323094F9305005FB03F300FB03F38A
:10DBB80094ED127AD4ED117AF8EE677AF5EE006AF0
:10DBC80067EEA67AF8EE476AF4EEE67AF1EE10FA16
:10DBD80001D5BCEEE77A94F85C509DBBD4ED187A79
:10DBE800F5EEC07AF1EE10FA2CDA0028C8BF002B47
:10DBF80043DD06EE901AF8EEE66A94ED086AF4EE54
:10DC0800C66AF1EE10FA1FDC94F93130834204D071
:10DC1800F5EEC07AF1EE10FA55D463681B69013B42
:10DC280054D41A460023994202DB914250DD134630
:10DC380063632046FFF789FE4FF0FF33A36338BDC7
:10DC48000120ADE7A163FAE7A163521A002AB8BF21
:10DC5800524207EE902AF8EEE77AF5EE006A67EE90
:10DC6800A67AB8EE477AB4EEE77AF1EE10FAE6DD76
:10DC7800FCEEE77AC4ED127AE1E71842C4D506EE65
:10DC8800901AF8EEE66A94ED086AF4EEC66AF1EEC8
:10DC980010FAB9D5A163521A002AB8BF524207EE4A
:10DCA800902AF8EEE77AF5EE006A67EEA67AB8EE03
:10DCB800477AB4EEE77AF1EE10FAC0DDFCEEE77AC7
:10DCC800C4ED127ABBE700236366A6E70022AAE741
:10DCD8000B46ADE738B50446836D002B45D0426B43
:10DCE8008A4255DD4FF0FF3094F9323094F93050C4
:10DCF80005FB03F300FB03F394ED127AD4ED117ADC
:10DD0800F8EE677AF5EE006A67EEA67AF8EE476AEB
:10DD1800F4EEE67AF1EE10FA01D5BCEEE77A94F863
:10DD28005C50BDBBD4ED187AF5EEC07AF1EE10FA6E
:10DD380030DADD0F0028D4BF002505F00105002DDD
:10DD480043D006EE901AF8EEE66A94ED086AF4EE0F
:10DD5800C66AF1EE10FA1FD494F93130834204D028
:10DD6800F5EEC07AF1EE10FA5AD463681B69013BEC
:10DD780059D41A460023994202DB914255DD1346D5
:10DD8800E3632046FFF7E1FD4FF0FF33236438BD1E
:10DD98000120A9E72164FAE721648A1A002AB8BF9A
:10DDA800524207EE902AF8EEE77AF5EE006A67EE3F
:10DDB800A67AB8EE477AB4EEE77AF1EE10FAE6DD25
:10DDC800FCEEE77AC4ED127AE1E7002BD4BF00231A
:10DDD800012313EAD073BFD006EE901AF8EEE66A74
:10DDE80094ED086AF4EEC66AF1EE10FAB4DD216427
:10DDF8008A1A002AB8BF524207EE902AF8EEE77A4C
:10DE0800F5EE006A67EEA67AB8EE477AB4EEE77ADE
:10DE1800F1EE10FABBDDFCEEE77AC4ED127AB6E754
:10DE280000236366A1E70022A5E70B46A8E710B523
:10DE38000446816B002903DA216C002903DA10BD3E
:10DE4800FFF7A4FEF8E72046FFF744FFF7E70000D6
:10DE58002DE9F04F2DED0A8B89B00446FFF7E7FF57
:10DE6800A36D002B00F0FA82D4ED09BAF5EE40BAA2
:10DE7800F1EE10FA00F02681636C0493012B40F256
:10DE880021816268D2F80480606B0190E16B029195
:10DE980094F93130002B01DB0290019194F9325052
:10DEA80094F9301001FB05F503FB05F5002DC0F2D0
:10DEB8000C81002794ED088ABDEEC89A07EE907A87
:10DEC800F8EEE78AF8EEC97A78EE677A07EE105A24
:10DED800B8EEC7BA67EE8B7A78EEA78A19EE103AD1
:10DEE800FE18731BA9196800059006EB4500D2F8C7
:10DEF800109009FB07FA9A4540F3E980C7F101023F
:10DF080009FB023CB24540F3E580C7F1010209FB79
:10DF18000262C7F10103069309FB03FB8B4540F33B
:10DF2800DC805144834540F3DB80504408EB8C038C
:10DF380008EB820208EB810108EB8000B0EE682A4A
:10DF4800D0ED001A91ED001AD2ED000A93ED000A07
:10DF5800FFF7D8FCF0EE40AAA36C0393DDED047A3A
:10DF6800B8EE67CAF5EE007A6CEE277A07EE103A3B
:10DF7800B8EEC77AF4EEC77AF1EE10FA03D5FDEEE3
:10DF8800E77ACDED037A029B039A9342C0F2AB8005
:10DF98009B1A039AD11804910199891A94F8502070
:10DFA800012A00F0A280DFEDCD8AB0EE689AB0EECB
:10DFB80068AAF0EE689AF0EE4C0AB0EE6B0A00F030
:10DFC800E9FE6BEE007A38EE278A84ED088AD4EDF4
:10DFD800187AF5EEC07AF1EE10FA23DB94ED197A8F
:10DFE8006B4207EE903AF8EEE77A67EE807A77EEC2
:10DFF800277AC4ED197AFDEEE77A17EE903A002BEE
:10E00800C0F25E8194ED087AFDEEC77A17EE903A79
:10E018004B4507DB07EE909AF8EEE77A37EE677A1A
:10E0280084ED087A2046FFF702FF94F85030012B60
:10E0380000F05681022B00F07E812BBBD4ED087ACC
:10E048009DED027AB8EEC77AF4EEC77AF1EE10FACF
:10E0580040F1A28184ED087A002F00F0AA81029B8A
:10E06800F31A07EE103AB8EEC77AD4ED0B7A67EEDA
:10E07800277A94ED047AB4EEE77AF1EE10FA03DD2C
:10E08800A36D012B00F0A081F7EE007A37EECA8A63
:10E0980028EE2A8A69EE8A9A38EE298A77EEE87A93
:10E0A80028EE278A29EE289A38EE098AE069FFF7D0
:10E0B800F3F920EE088AA36D002BC0F28E8184ED5F
:10E0C8000A8ACDE194ED0A8ACAE10127F2E6A3EBB8
:10E0D8000A0C17E7A6EB0A021BE7A1EB0B0121E7E5
:10E0E800A0EB0B0022E7002353E7049AB342D8BF02
:10E0F800964241DC931B0793019AD31A012284F8B4
:10E108005C2094F85C20002A54D05A1B59190598B1
:10E118001844924542DD5A449A4542DD5B448B459A
:10E1280042DD5144834542DD504408EB820208EB4E
:10E13800830308EB810108EB8000B0EE682AD0ED7C
:10E14800001A91ED001AD3ED000A92ED000AFFF7CC
:10E15800D9FBF0EE409ADDED037AB8EEE77AB5EE3A
:10E16800C07AF1EE10FA40F39780DDED077AF8EE09
:10E17800E77A87EE87AA21E0019A8E42A8BFB242C9
:10E1880006DB721A07921344012284F85C20B8E770
:10E19800002284F85C2013460792B2E7A2EB0A0239
:10E1A800BAE7A3EB0A03BAE7A1EB0B01BAE7A0EBC6
:10E1B8000B00BAE79FED49AAF0EE4A9AD4ED197A16
:10E1C80094ED187A77EEC77AF0EEE77A9DED037A48
:10E1D800F8EEC7CAF4EEE7CAF1EE10FA02D53D4BE5
:10E1E80023666366D4ED197AF5EEC07AF1EE10FA7B
:10E1F80061DB94ED187AFFEE007AB4EE677AF1EEFF
:10E2080010FA03D184ED188A84ED198AD4ED197AAD
:10E21800D4ED188A77EEE88AF0EEE88ABDEEE77A60
:10E2280017EE103A9DED067AB8EEC72A07EE103AB7
:10E23800B8EEC77A77EEC77A6BEE277A32EE672A9E
:10E2480019EE106A0136E9185A1B0598181A8B45F9
:10E2580025DD51449B4525DD5344924525DD5A442F
:10E26800824525DD584408EB810108EB830308EB60
:10E27800820208EB8008D8ED001A92ED001AD3ED5F
:10E28800000A91ED000AFFF73DFBB0EE409A7CEEE4
:10E29800E87AC7EEAC8A8EE69FED10AA8EE7A1EB6E
:10E2A8000B01D7E7A3EB0B03D7E7A2EB0A02D7E7EB
:10E2B800A0EB0A00D7E7DFED098AB0EE689A7AE6A4
:10E2C80007EE909AF8EEE77A38EE278A84ED088A06
:10E2D80098E600BF000080BFACC5273700000000EB
:10E2E800D4ED087ABDEEE77A17EE102A02998A4231
:10E2F8000ADA019A0499521A07EE102AB8EEC77A78
:10E3080077EE877AC4ED087A94ED087AFDEEC77A3D
:10E3180017EE902A01998A427FF78FAE0A46049930
:10E32800A2EB010907EE909AF8EEE77A37EE677AE2
:10E3380084ED087A81E6D4ED087A9DED027AB8EE8C
:10E34800C77AF4EEC77AF1EE10FA0DD594F83220B8
:10E35800524284F83220029A013207EE902AF8EEEF
:10E36800E77AC4ED087A68E69DED017AB8EEC77AD7
:10E37800F4EEC77AF1EE10FA7FF75FAE94F8322028
:10E38800524284F83220019A013A07EE902AF8EEB8
:10E39800E77AC4ED087A50E69DED017AB8EEC77ABF
:10E3A800F4EEC77AF1EE10FA7FF756AE84ED087AEC
:10E3B80052E6019B9B1B07EE903AF8EEE77A94ED44
:10E3C8000B7A67EE877A54E61FED3C0AE069FFF79F
:10E3D80049F84FF0FF33A36556E6E069FFF782F886
:10E3E8005FED437AB4EEE70AF1EE10FA3FF667AE56
:10E3F800636D012B02D00023A36560E6A3650023AB
:10E408006365B7EE000AE069FFF72CF894F930303D
:10E41800002B11DD94F93130002B06DDD4ED0D7A97
:10E42800F8EEE77AC4ED087A49E6D4ED0F7AF8EE0B
:10E43800E77AC4ED087A42E694F93130002B06DD1C
:10E44800D4ED0F7AF8EEE77AC4ED087A37E6D4ED22
:10E458000D7AF8EEE77AC4ED087A30E61FED618AA6
:10E46800B0EE480A09B0BDEC0A8BBDE8F08F00BFDA
:10E478002DE9F04F2DED088B91B004460091FFF780
:10E48800D6FCA36D002B00F0C883D4ED097AF5EE15
:10E49800407AF1EE10FA00F05481636C012B40F2DF
:10E4A800508100230E930F930C930D936268556867
:10E4B800606B0590E36B069394F93110002901DB3A
:10E4C8000690059394F9323094F9300000FB03F379
:10E4D80001FB03FBBBF1000FC0F23681002302935E
:10E4E800D4ED087ABDEEE7AA9DED027AB8EEC78AA8
:10E4F800B8EECA7A77EEC77A07EE10BAB8EEC79ABE
:10E5080067EE897A38EE278A029B1AEE101A03EB17
:10E51800010AAAEB0B060BEB0A074FEA4B0109911C
:10E528000AEB4B081269079202FB03F10191B14211
:10E5380040F30D81C3F1010302FB0366019B5345C0
:10E5480040F30881029BC3F10109079B03FB09A95A
:10E55800029BC3F101030A93079A02FB03F3039397
:10E56800BB4240F3FB80019B1F44039B434540F3A0
:10E57800F880019B9844A36906FB03F205EB82022D
:10E5880009FB03F105EB810107FB03F005EB8000B4
:10E5980008FB03F305EB8303B0EE482AD3ED001A1A
:10E5A80090ED001AD1ED000A92ED000AFFF7AAF9E2
:10E5B800009B83ED000AA36903FB06F6013605EB11
:10E5C800860603FB09F909F1010905EB890903FB33
:10E5D80007F7013705EB870703FB08F808F101087F
:10E5E80005EB8808B0EE482AD8ED001A97ED001A16
:10E5F800D9ED000A96ED000AFFF784F9009B83ED38
:10E60800010AA36C0493D4ED117AF8EE679AF5EE3B
:10E61800007A69EEA77A07EE103AB8EEC77AF4EEF8
:10E62800C77AF1EE10FA03D5FDEEE77ACDED047A5C
:10E63800069B049A9342C0F298809B1A049AD118B8
:10E6480008910599891A94F85020012A00F09280BF
:10E658009FED478AF0EE488AF0EE690A94ED090AC0
:10E6680000F098FB94ED087A29EE009A37EE097AC3
:10E6780084ED087AD4ED187AF5EEC07AF1EE10FA46
:10E6880025DBD4ED196ACBF1000307EE903AF8EEDA
:10E69800E77A27EE800A76EE807AC4ED197AFDEEE5
:10E6A800E77A17EE903A002BC0F2B88194ED087A19
:10E6B800FDEEC77A17EE903A079A934207DB07EE0A
:10E6C800902AF8EEE77A37EE677A84ED087A2046E2
:10E6D800FFF7ADFB94F85030012B00F0A881022B16
:10E6E80000F0CF813BBBD4ED087A9DED067AB8EEF9
:10E6F800C77AF4EEC77AF1EE10FA40F1F38184EDAF
:10E70800087A029B002B00F0FA81069BAAEB030310
:10E7180007EE103AB8EEC77AD4ED0B7A67EE277A8F
:10E7280094ED047AB4EEE77AF1EE10FA03DDA36D06
:10E73800012B00F0F081E069FEF7AEFE002300989F
:10E7480016E294ED0A0A6AE201230293C8E6019BE5
:10E75800F61AF3E6019BAAEB0309F9E6039BFF1AF5
:10E7680003E7039BA8EB030805E7002366E700BF60
:10E7780000000000089A5345D8BF924500F316815F
:10E78800A2EB0A030B93059AD31A012284F85C20A2
:10E7980094F85C20002A00F02A81A3EB0B0703EB16
:10E7A8000B08099A02EB0309019ABA4240F3118156
:10E7B800039A1744019A9A4240F30E81039A13442C
:10E7C800039A424540F30B81019A9044039A4A45C3
:10E7D80040F30981019A9144A26902FB07F705EB0E
:10E7E800870102FB03F605EB860302FB08F805EB3D
:10E7F800880002FB09F905EB8902B0EE482AD2ED40
:10E80800001A90ED001AD3ED000A91ED000AFFF707
:10E8180079F88DED0E0A013705EB8707013605EB10
:10E82800860608F1010805EB880809F1010905EBDE
:10E838008909B0EE482AD9ED001A98ED001AD6EDEC
:10E84800000A97ED000AFFF75DF88DED0F0ADDED80
:10E858000B7AF8EEE77A9DED047AB8EEC77AC7EE40
:10E86800878AD4ED197A94ED187A77EEC77AF0EEA4
:10E87800E77A9DED047AB8EEC7BAB4EEE7BAF1EEDE
:10E8880010FA02D5C84B23666366D4ED197AF5EE03
:10E89800C07AF1EE10FAC0F2BB8094ED187AFFEE60
:10E8A800007AB4EE677AF1EE10FA02D1236A236691
:10E8B8006366D4ED197A94ED187A37EEC77AF0EEDC
:10E8C800C7AABDEEE77A17EE106A9DED0A7AB8EE90
:10E8D800C78A07EE106AB8EEC77A77EEC77A69EE8C
:10E8E800277A38EE678A1AEE103A03F1010A0BEB21
:10E8F8000607A6EB0B08099BA6EB0309039BBB4283
:10E9080078DD019B1F44039BB34276DD019B1E44C7
:10E91800019B434574DD039B9844019B4B4573DD84
:10E92800039B4B449946A36903FB07F705EB870252
:10E9380003FB06F605EB860103FB08F805EB8800E8
:10E9480003FB09F905EB8903B0EE482AD3ED001A59
:10E9580090ED001AD1ED000A92ED000AFEF7D2FF01
:10E968008DED0C0A013705EB8707013605EB8606A6
:10E9780008F1010805EB880809F1010905EB89058B
:10E98800B0EE482AD5ED001A98ED001AD6ED000A27
:10E9980097ED000AFEF7B6FF8DED0D0A049B002BDC
:10E9A80039DD3BEE6A7A87EE0B8A55E6059A8A4589
:10E9B800A8BF524507DBAAEB01020B9213440122C0
:10E9C80084F85C20E4E6002284F85C2013460B926D
:10E9D800DEE6019ABF1AEDE6019A9B1AF0E6039A61
:10E9E800A8EB0208F2E6039AA9EB0209F4E6DFEDC8
:10E9F800708A36E7039BFF1A85E7039BF61A87E7B9
:10EA0800019BA8EB030888E7019BA9EB03098AE7A8
:10EA18009FED678A20E6B7EE008A1DE6DDED077AEE
:10EA2800F8EEE77A37EE277A84ED087A3EE6D4EDF9
:10EA3800087ABDEEE77A17EE102A06998A420ADAB2
:10EA4800059A0899521A07EE102AB8EEC77A77EE97
:10EA5800877AC4ED087A94ED087AFDEEC77A17EE46
:10EA6800902A05998A427FF73DAE0A460899521ABC
:10EA780007EE902AF8EEE77A37EE677A84ED087A9F
:10EA880030E6D4ED087A9DED067AB8EEC77AF4EE52
:10EA9800C77AF1EE10FA0DD594F83220524284F874
:10EAA8003220069A013207EE902AF8EEE77AC4ED92
:10EAB800087A17E69DED057AB8EEC77AF4EEC77ABC
:10EAC800F1EE10FA7FF70EAE94F83220524284F835
:10EAD8003220059A013A07EE902AF8EEE77AC4ED5B
:10EAE800087AFFE59DED057AB8EEC77AF4EEC77AA5
:10EAF800F1EE10FA7FF705AE84ED087A01E6059B82
:10EB0800A3EB0A0307EE903AF8EEE77A94ED0B7A56
:10EB180067EE877A04E69FED260AE069FEF7A2FC15
:10EB28004FF0FF33A36506E600EB8302D2ED007ACF
:10EB3800B7EE007A77EE686A67EEA67A10A901EB5D
:10EB4800830151ED026A66EEA86A77EEA67A37EE7F
:10EB5800487A67EE877A11ED047A27EE087A77EE1D
:10EB6800877AC2ED007A67EE807AC2ED007A0133C7
:10EB7800A2699A42D8D8A36D002B05DB009B93EDC0
:10EB8800000A84ED0A0A4AE0E069FEF7ABFCDFED13
:10EB9800077AB4EEE70AF1EE10FAEFD8636D012BAD
:10EBA80008D00023A365E9E7000080BF17B7D13874
:10EBB80000000000A36500236365B7EE000AE06962
:10EBC800FEF750FC94F93030002B14DD94F9313005
:10EBD800002B09DDD4ED0D7AF8EEE77AC4ED087A5A
:10EBE8002046FEF7B2FEC9E7D4ED0F7AF8EEE77AD1
:10EBF800C4ED087AF4E794F93130002B06DDD4ED42
:10EC08000F7AF8EEE77AC4ED087AE9E7D4ED0D7AE1
:10EC1800F8EEE77AC4ED087AE2E71FED1B0A11B0B7
:10EC2800BDEC088BBDE8F08FD0ED057A27EE800AA1
:10EC3800B5EEC00AF1EE10FA0BD4012380F830309B
:10EC480080ED090AB7EE007AC7EE007AC0ED0B7ABC
:10EC58007047B1EE400AFF2380F83030F0E7704784
:10EC680038B52DED028B0446B0EE408A1D46C061D2
:10EC7800FEF7C1FD84ED008AB7EE007AC7EE087A88
:10EC8800C4ED017A9FED0E7A67EE877AC4ED027AB9
:10EC9800E560002323610B4A626305E003F10E027D
:10ECA800002144F822100133022BF7DD00236364AE
:10ECB800A364E36423656365A365BDEC028B38BD7B
:10ECC800DB0FC94067EC000810B501F10E02012402
:10ECD80040F82240436B984710BD0000DFF834D05D
:10ECE800002103E00C4B5B58435004310B480C4B9C
:10ECF80042189A42F6D30B4A02E0002342F8043B3A
:10ED0800094B9A42F9D3FDF725FF00F01FF8FDF7EC
:10ED18000BFC7047000002202C8201080000002034
:10ED2800EC000020F0000020A0140120FEE70244BF
:10ED38000346934200D1704703F8011BF9E700002E
:10ED4800014B1868704700BF9C00002070B50D4D3E
:10ED58000D4C641BA4100026A64209D10B4D0C4C87
:10ED680000F00EFE641BA4100026A64205D170BD5B
:10ED780055F8043B98470136EEE755F8043B9847A9
:10ED88000136F2E72482010824820108248201085E
:10ED98002882010808B52DED028BF0EE408AB0EE0E
:10EDA800608A00F02BF9F4EE488AF1EE10FA0CD6DE
:10EDB800DFED078AB4EE688AF1EE10FA05D1FFF7A5
:10EDC800BFFF88EEA80A21230360BDEC028B08BDB3
:10EDD8000000000010EE103A23F0004300EE103A55
:10EDE8007047000010EE103A07B5124A23F00043AE
:10EDF800934207D8DFED100A012003B05DF804EB59
:10EE080000F01CB8B3F1FF4F04D330EE400A03B052
:10EE18005DF804FB684600F073F9400000F002005A
:10EE2800DDED010A9DED000AC0F1010000F006F8D1
:10EE3800EDE700BFDA0F493F0000000008B510EE0B
:10EE4800103A23F00042B2F1465FF0EE407A17D252
:10EE5800BDEEC07A17EE101A41BB431C134308D10C
:10EE6800FFF7B8FFB7EE007AC7EE007AB0EE670A90
:10EE780008BD0128FAD0BFEE007AC7EE007AF5E7A0
:10EE88004C498A4212D3002B9FED4B7AB8BFF1EE62
:10EE9800407A37EE677ADFED497AB8BFF1EE600A5B
:10EEA80077EEE07ADFED460A77EE877A67EEA76AB3
:10EEB800DFED445A9FED446A9FED445A3D4926EEE2
:10EEC800A67A8A42A7EE256ADFED415AE6EE075A8E
:10EED8009FED406AA5EE876ADFED3F5AE6EE075AD6
:10EEE8009FED3E6AA5EE876ADFED3D5AE7EE055ACB
:10EEF8009FED3C5AA5EE875ADFED3B5AE5EE075ADF
:10EF08009FED3A5AA5EE875ADFED395AE5EE075AD2
:10EF1800B0EE467AA5EEA67A27EEA65AB0EE606A5B
:10EF2800A7EE056A9FED337AE6EE260AE5EE070AB4
:10EF380037EEA06A1DD307EE100AB8EEC77A26EEA0
:10EF4800065A36EE076A9B17C5EE065A03F0020307
:10EF5800C3F1010306EE903A35EEE06AF8EEE66A90
:10EF680077EEC67AB0EE006AA7EEC67A66EE877AC2
:10EF78007CE701281BD0204B16EE102A1A4005EE1C
:10EF8800902A75EEE77AB7EE007A70EEE70AFFEEA0
:10EF9800007AC7EE866A16EE902A134007EE903A7A
:10EFA800A5EEA77AA0EEA77AE7EE267A5EE7F0EE5E
:10EFB800467A5BE740A12C3FDA0F493F68212233AC
:10EFC800000000005FAE9BB745F4A3388453D937DF
:10EFD800C8261A3A16696B3BA427B33C8988083EB1
:10EFE8007AC09538B937813948DEBE3A1F37113CA7
:10EFF800D10D5D3DABAAAA3E00F0FFFF70B510EE43
:10F00800906A26F000435A1EB2F1FF4F06D210EE66
:10F01800104A24F00041B1F1FF4F04D360EE200AFA
:10F0280080EEA00A70BD9942FCDB04F0004505D1D2
:10F03800324B03EB557393ED000AF3E714F0FF4FDF
:10F0480046D10A026FF07D00002A3EDC16F0FF4F21
:10F0580001BF1A02B2FA82F2C2F1FF2202F57F0260
:10F0680016BFDA1582327F3A10F17E0FBBBF6FF000
:10F078007D04241AC4F31604A140A8BF44F4000177
:10F0880012F17E0FB5BF6FF07D04C6F31606A41A01
:10F0980046F40004B8BF03FA04F4801A0B1BD0B975
:10F0A80033EA230328BF0B46002BC1D0B3F5000F6A
:10F0B80019DB12F17E0F19DBA3F500037F322B4316
:10F0C80043EAC25300EE103AACE701385200BBE7FE
:10F0D800C8157F38BAE7002B02DA49000138DDE7A6
:10F0E800A6D05900FAE75B00013ADFE7C2F1FF2238
:10F0F80002F57F02823213412B43E3E7447E010885
:10F10800F0B510EE106A884B26F000459D4287B096
:10F11800044605D8002380ED000A4360002022E061
:10F12800824B9D423AD826F00043002E9FED807A0C
:10F13800804A23F00F0318DD934270EE477A09BF27
:10F148009FED7D7ADFED7D6ADFED7D6A77EEC77A28
:10F1580037EEE67A77EEC77A80ED007A77EEE67AD0
:10F16800C0ED017A012007B0F0BD934270EE077A36
:10F1780009BF9FED717ADFED716ADFED716A77EE95
:10F18800877A37EEA67A77EEC77A80ED007A77EE3F
:10F19800A67AC0ED017A4FF0FF30E4E7694B9D4253
:10F1A80073D8FFF717FE9FED687AF6EE007AE0EE67
:10F1B800077AFDEEE77AB8EEE77A17EE900ADFED08
:10F1C8005C7AA7EE670A1F28DFED5C7A67EE277A7C
:10F1D800B1EE476A70EE676A16EE901A09DC5B4A70
:10F1E800471E26F0004352F8272023F0FF039342DE
:10F1F80007D1C1F3C752C2EBD552082A4FEAE553EB
:10F2080014DC216094ED007A30EE470A002E30EECF
:10F21800670A84ED010AA6DAB1EE477AB1EE400A30
:10F2280084ED007A84ED010A40429CE7DFED425A02
:10F23800F0EE406AE6EE256A70EE667AE6EE257A2A
:10F24800DFED3F5AD7EE257A76EEE75A15EE902A8B
:10F25800C2F3C7515B1A192B04DCC4ED005AB0EE97
:10F26800660ACFE7DFED3A5AB0EE660AA6EE250A3F
:10F2780076EEC07ADFED376AE6EE257AD7EE267AA3
:10F2880030EE677A84ED007ABCE7B5F1FF4F06D31C
:10F2980070EE407AC0ED017AC0ED007A3EE7EA15DB
:10F2A800863AA5EBC25307EE903ABDEEE77ADFED5A
:10F2B8002A6AB8EEC77A77EEC77A8DED037A67EED9
:10F2C800A67ABDEEE77AB8EEC77A77EEC77A8DED03
:10F2D800047A67EEA67AF5EE407AF1EE10FACDEDF3
:10F2E800057A1ED1B5EE407AF1EE10FA0CBF012373
:10F2F80002231A4901910221009103A8214600F036
:10F308002FF8002EBFF62FAFD4ED007AF1EE677A12
:10F31800C4ED007AD4ED017AF1EE677AC4ED017A92
:10F3280082E70323E5E700BFD80F493FE3CB164048
:10F33800800FC93FD00FC93F0044353743443537A4
:10F3480008A3852E800F494384F9223F4C7E01088B
:10F3580000A3852E32318D2400008043CC7E010825
:10F368002DE9F04F2DED048BD9B090460190B64AA7
:10F37800669818F1040F52F820A00F4603F1FF3BDE
:10F3880026DBB8F1030248BF08F10402D210551C6D
:10F3980067999FEDB17AE800A2EB0B060290A8EB03
:10F3A800C5050AEB0B0C1CAC01EB860E0020604572
:10F3B80010DD1CA901EB83000DF588790026564560
:10F3C80024DCDDF804E0DFEDA47A8446002416E0AE
:10F3D8000022DCE7C6425DBF5EF8201007EE901AF7
:10F3E800F8EEE77AF0EE477AE4EC017A0130DEE7EE
:10F3F800FEEC016A3CED017AE6EE877A01345C4561
:10F40800F6DDE9EC017A01360430D8E708A901EB0A
:10F418008A0104916799DFED8F8A9FED8D9A01EB40
:10F42800820203925446A200059258AA02EB840273
:10F4380012ED140A44A908AA01EB84009446264652
:10F44800002E4CDC2846CDE9062300F035FAB0EE54
:10F45800408AB4EE000A28EE000A00F0E9F9F2EE5C
:10F46800007AA0EE678A002DDDE90623FDEEC87A52
:10F4780017EE909AF8EEE77A38EE678A41DD04F1E4
:10F48800FF3C08A9C5F1080E51F82C6046FA0EF0A9
:10F49800814400FA0EF0361AC5F1070041F82C60D5
:10F4A8000641002E3CDD4FF0000E09F101097046BF
:10F4B800744568DC002D03DD012D74D0022D7DD04C
:10F4C800022E2DD1B7EE000A30EE488A40B3284606
:10F4D800069300F0F1F9069B38EE408A20E060EED2
:10F4E800287A013EFDEEE77AF8EEE77AA7EEC90A38
:10F4F800BDEEC00AACEC010A30ED010A37EE800A15
:10F508009EE705D1601E08A951F82060F611C8E7EA
:10F51800F6EE007AB4EEE78AF1EE10FA31DA002658
:10F52800B5EE408AF1EE10FA40F09880601E002295
:10F5380050454BDA002A65D0013C08AB083D53F82A
:10F548002430002BF8D02846B7EE000A00F0B4F9B2
:10F55800631C44AA9FED3F7A990002EB830223467D
:10F56800002B80F2A9802346002BC0F2C78044AA52
:10F5780002EB8305DFF8D4C0DFED377A0020E21A0A
:10F58800B1E002268FE752F8041B48B921B1C1F552
:10F59800807142F8041C01210EF1010E084687E72C
:10F5A800C1F1FF01F5E704F1FF3C08AA52F82C204D
:10F5B80002F07F0208A941F82C2081E704F1FF3C02
:10F5C80008AA52F82C2002F03F02F3E708A951F8E4
:10F5D800201001380A43ABE7013250F8046D002EC1
:10F5E800FAD0059901F5B0710DEB0100E6181CA9D8
:10F5F80004F1010C4C3801EB86062244624504DA1A
:10F60800144610E704980122E7E70399DDF804E0BF
:10F6180051F82C10059107EE901AF8EEE77A0024BD
:10F62800E6EC017ADFED0C7AB1465C4504DDE0ECEE
:10F63800017A0CF1010CE1E7FEEC016A39ED017A7F
:10F648000134E6EE877AF0E710820108E4810108C8
:10F65800000080430000803B00000000029BB0EEE9
:10F66800480AA3EB080000F027F91FED077AB4EE6B
:10F67800C70AF1EE10FA19DB5FED0A7A60EE277A15
:10F6880008AAFDEEE77A0835F8EEE77AA7EEC70A8A
:10F69800FDEEE77ABDEEC00A10EE103A42F82430CB
:10F6A80017EE903A013442F824304CE7BDEEC00A18
:10F6B80008AA10EE103AF6E708A850F823000190BF
:10F6C80007EE900AF8EEE77A013B67EE807A20EEC3
:10F6D800070A62ED017A43E7FCEC016AB5EC017AAE
:10F6E800E6EE877A0130504501DC9042F4DD58A8F7
:10F6F80000EB820242ED287A013B35E7669B022B3C
:10F7080009DC002B27DC40D009F0070059B0BDEC1C
:10F71800048BBDE8F08F669B032BF5D130AA0B1F35
:10F7280013441A462046002850DC2246012A5DDC94
:10F7380030AB5FED377A0B44012C67DCDDED306AC6
:10F748009DED317A002E67D1C7ED006A87ED017A09
:10F75800C7ED027AD8E730AB1FED417A0B44224659
:10F76800002A24DA4EB3F1EE477AC7ED007ADDEDD0
:10F77800307A77EEC77A31AA01239C4220DA0EB19B
:10F78800F1EE677AC7ED017ABEE730AB5FED4E7AEE
:10F798000B44002C05DA0EB1F1EE677AC7ED007A5A
:10F7A800B2E733ED017A013C77EE877AF1E773ED42
:10F7B800017A013A37EE277AD2E7F0EE477AD4E7B2
:10F7C800B2EC017A013377EE877AD6E772ED017AE7
:10F7D800D2ED016A37EEA67A013877EEC77A82ED64
:10F7E800007A77EEA67AC2ED017A9CE773ED017A8A
:10F7F800D3ED016A37EEA67A013A77EEC77A83ED40
:10F80800007A77EEA67AC3ED017A8FE733ED017AB5
:10F81800013C77EE877A8FE7F1EE666AB1EE477AB8
:10F82800C7ED006A87ED017AF1EE677A90E700BFCD
:10F8380010EE103AC3F3C7527F3A162A23F000415C
:10F848002BDC002A12DADFED197A30EE270AB5EE42
:10F85800C00AF1EE10FA06DD002B24DA0029144B59
:10F8680008BF4FF0004300EE103A704711491141AC
:10F878000B42FAD0DFED0D7A30EE270AB5EEC00A5A
:10F88800F1EE10FAEFDD002BBEBF4FF4000040FA96
:10F8980002F29B1823EA0103E5E7B1F1FF4FE4D335
:10F8A80030EE000A70470023DDE700BFCAF2497155
:10F8B800000080BFFFFF7F0010EE103A33F00042D7
:10F8C8002AD0B2F1FF4F02D330EE000A704713F08E
:10F8D800FF4F22D1234BDFED247A984220EE270AEE
:10F8E80016DB10EE103AC3F3C752193A4CF25031F6
:10F8F800884214DDDFED1D7ADFED1D6A10EE103A47
:10F90800B0EE677A002B67FEA67A27EE870A704763
:10F91800DFED187A27EE800A7047D20DE6E710442B
:10F92800FE28E7DC002806DD23F0FF4343EAC05346
:10F9380000EE103A704710F1160F09DADFED0D7A74
:10F94800DFED0D6A10EE103AB0EE677A002BDAE7B9
:10F95800193023F0FF4343EAC0539FED080A07EE2E
:10F96800903AD7E7B03CFFFF0000004CCAF249715B
:10F97800CAF249F16042A20D6042A28D0000003334
:10F98800F8B500BFF8BC08BC9E467047F8B500BF84
:08F99800F8BC08BC9E46704754
:10F9A0000006101600061016EB7690455846415496
:10F9B00020202000222A3A3C3E3F7C7F00000000AD
:10F9C0002B2C3B3D5B5D00002A2E7761760000000A
:10F9D000412D6C61770000004D752D6C6177000042
:10F9E00001030507090E10121416181C1E00000052
:10F9F00043554541414141434545454949494141B7
:10FA00004592924F4F4F5555594F554F9C4F9E9F82
:10FA100041494F55A5A5A6A7A8A9AAABACADAEAFC5
:10FA2000B0B1B2B3B4414141B8B9BABBBCBDBEBFBD
:10FA3000C0C1C2C3C4C54141C8C9CACBCCCDCECF59
:10FA4000D1D145454549494949D9DADBDCDD49DFB2
:10FA50004FE14F4F4F4FE6E8E85555555959EEEFF6
:10FA6000F0F1F2F3F4F5F6F7F8F9FAFBFCFDFEFF1E
:10FA70007D1D0100632C001E9601A01E5A01001F6F
:10FA80000806101F0606201F0806301F0806401F24
:10FA90000606511F0700591F521F5B1F541F5D1F91
:10FAA000561F5F1F601F0806701F0E00BA1FBB1F86
:10FAB000C81FC91FCA1FCB1FDA1FDB1FF81FF91F82
:10FAC000EA1FEB1FFA1FFB1F801F0806901F080686
:10FAD000A01F0806B01F0400B81FB91FB21FBC1F2B
:10FAE000CC1F0100C31FD01F0206E01F0206E51F46
:10FAF0000100EC1FF21F0100FC1F4E21010032210A
:10FB000070211002842101008321D0241A05302C99
:10FB10002F04602C0201672C0601752C0201802C39
:10FB20006401002D260841FF1A03000061001A033A
:10FB3000E0001703F8000703FF000100780100014F
:10FB4000300132010601390110014A012E0179010B
:10FB5000060180014D00430281018201820184017E
:10FB6000840186018701870189018A018B018B014C
:10FB70008D018E018F0190019101910193019401FA
:10FB8000F60196019701980198013D029B019C01A5
:10FB90009D0120029F01A001A001A201A201A401D8
:10FBA000A401A601A701A701A901AA01AB01AC010B
:10FBB000AC01AE01AF01AF01B101B201B301B301BC
:10FBC000B501B501B701B801B801BA01BB01BC016B
:10FBD000BC01BE01F701C001C101C201C301C401E2
:10FBE000C501C401C701C801C701CA01CB01CA01CF
:10FBF000CD011001DD0101008E01DE011201F301D2
:10FC00000300F101F401F401F801280122021201BC
:10FC10003A020900652C3B023B023D02662C3F0282
:10FC200040024102410246020A01530240008101A2
:10FC30008601550289018A0158028F015A029001FA
:10FC40005C025D025E025F02930161026202940146
:10FC50006402650266026702970196016A02622CDD
:10FC60006C026D026E029C01700271029D017302B2
:10FC700074029F0176027702780279027A027B028F
:10FC80007C02642C7E027F02A60181028202A9010D
:10FC90008402850286028702AE014402B101B201EC
:10FCA00045028D028E028F0290029102B7017B0302
:10FCB0000300FD03FE03FF03AC0304008603880377
:10FCC00089038A03B1031103C2030200A303A30340
:10FCD000C4030803CC0303008C038E038F03D803F3
:10FCE0001801F2030A00F903F303F403F503F60322
:10FCF000F703F703F903FA03FA033004200350046F
:10FD00001007600422018A043601C1040E01CF04E9
:10FD10000100C004D0044401610526040000000075
:10FD2000C700FC00E900E200E400E000E500E700B5
:10FD3000EA00EB00E800EF00EE00EC00C400C500B4
:10FD4000C900E600C600F400F600F200FB00F9006E
:10FD5000FF00D600DC00F800A300D800D700920115
:10FD6000E100ED00F300FA00F100D100AA00BA00B2
:10FD7000BF00AE00AC00BD00BC00A100AB00BB00EA
:10FD800091259225932502252425C100C200C0009B
:10FD9000A9006325512557255D25A200A500102542
:10FDA000142534252C251C2500253C25E300C30003
:10FDB0005A25542569256625602550256C25A40003
:10FDC000F000D000CA00CB00C8003101CD00CE0049
:10FDD000CF0018250C2588258425A600CC00802579
:10FDE000D300DF00D400D200F500D500B500FE003E
:10FDF000DE00DA00DB00D900FD00DD00AF00B4005A
:10FE0000AD00B1001720BE00B600A700F700B80093
:10FE1000B000A800B700B900B300B200A025A00050
:10FE20000DC9000835C900083DC9000861C90008AE
:10FE300085C9000800000000010203040102030458
:10FE40000607080946468C39338A8C3940CE8C39EE
:10FE50006E128D39BD568D392E9B8D39BFDF8D3990
:10FE600072248E3946698E393BAE8E3951F38E3904
:10FE700089388F39E37D8F395EC38F39FB0890391C
:10FE8000B94E90399A9490399CDA9039C0209139C2
:10FE9000066791396EAD9139F8F39139A43A9239E8
:10FEA0007381923963C89239760F9339AC5693397E
:10FEB000049E93397FE593391C2D9439DC74943971
:10FEC000BEBC9439C3049539EC4C953937959539B6
:10FED000A5DD953936269639EB6E9639C2B7963937
:10FEE000BD009739DC4997391D93973982DC9739E2
:10FEF0000B269839B76F983987B998397B039939A8
:10FF0000924D9939CE9799392DE29939B02C9A3979
:10FF100058779A3923C29A39130D9B3927589B3940
:10FF20005FA39B39BCEE9B393D3A9C39E3859C39F4
:10FF3000AED19C399D1D9D39B1699D39EAB59D3978
:10FF400047029E39CA4E9E39729B9E393FE89E39C0
:10FF500031359F3948829F3985CF9F39E71CA039B9
:10FF60006E6AA0391BB8A039EE05A139E653A13954
:10FF700004A2A13948F0A139B23EA239428DA2397A
:10FF8000F8DBA239D42AA339D679A339FEC8A3391C
:10FF90004D18A439C267A4395DB7A4392007A53923
:10FFA0000857A53918A7A5394EF7A539AB47A63983
:10FFB0002F98A639DAE8A639AC39A739A58AA73926
:10FFC000C5DBA7390D2DA8397C7EA83912D0A839F8
:10FFD000D021A939B673A939C3C5A939F817AA39E7
:10FFE000556AAA39D9BCAA39860FAB395A62AB39DE
:10FFF00057B5AB397C08AC39C95BAC393EAFAC39CD
:020000040801F1
:10000000DC02AD39A356AD3992AAAD39A9FEAD399E
:10001000E952AE3953A7AE39E5FBAE399F50AF393F
:1000200083A5AF3990FAAF39C74FB03926A5B0399B
:10003000AFFAB0396150B1393DA6B13942FCB1399E
:100040007152B239CAA8B2394CFFB239F955B33935
:10005000CFACB339D003B439FA5AB4394FB2B4394A
:10006000CE09B5397761B5394BB9B5394911B639CA
:100070007269B639C6C1B639451AB739EE72B739A1
:10008000C2CBB739C124B839EC7DB83941D7B839BA
:10009000C230B9396E8AB93945E4B939483EBA39FE
:1000A0007798BA39D1F2BA39574DBB3909A8BB395B
:1000B000E702BC39F15DBC3927B9BC398914BD39B7
:1000C0001770BD39D2CBBD39B927BE39CC83BE3903
:1000D0000CE0BE39793CBF391299BF39D9F5BF3927
:1000E000CC52C039ECAFC0393A0DC139B46AC1390C
:1000F0005CC8C1393126C2393484C23964E2C2399C
:10010000C240C3394D9FC33907FEC339EE5CC439C1
:1001100003BCC439461BC539B77AC53956DAC53967
:10012000243AC639209AC6394BFAC639A45AC73977
:100130002CBBC739E21BC839C87CC839DCDDC839DB
:100140001F3FC93992A0C9393302CA390464CA3978
:1001500004C6CA393428CB39938ACB3922EDCB393E
:10016000E14FCC39CFB2CC39ED15CD393C79CD3911
:10017000BADCCD396940CE3947A4CE395708CF39DA
:10018000966CCF3906D1CF39A735D039799AD03985
:100190007BFFD039AE64D13913CAD139A82FD239F7
:1001A0006F95D23966FBD2399061D339EAC7D3391A
:1001B000762ED4393495D43924FCD4394663D539D4
:1001C00099CAD5391E32D639D699D639C001D73910
:1001D000DC69D7392AD2D739AB3AD8395FA3D839B5
:1001E000450CD9395F75D939ABDED9392A48DA39A6
:1001F000DCB1DA39C11BDB39D985DB3925F0DB39D4
:10020000A55ADC3958C5DC393E30DD39599BDD391A
:10021000A706DE392972DE39DFDDDE39CA49DF396A
:10022000E9B5DF393C22E039C38EE0397FFBE039A4
:100230007068E13995D5E139F042E2397FB0E239B1
:10024000431EE3393C8CE3396BFAE339CF68E43978
:1002500069D7E4393846E5393CB5E5397724E639DC
:10026000E793E6398D03E7396A73E7397CE3E739C9
:10027000C553E83944C4E839FA34E939E6A5E9391F
:100280000917EA396388EA39F3F9EA39BB6BEB39C4
:10029000B9DDEB39EF4FEC395CC2EC390135ED39A2
:1002A000DDA7ED39F01AEE393C8EEE39BF01EF399A
:1002B0007A75EF396DE9EF39995DF039FCD1F03994
:1002C0009846F1396DBBF1397A30F239BFA5F23970
:1002D0003E1BF339F590F339E506F4390F7DF43917
:1002E00071F3F4390D6AF539E3E0F539F257F6396F
:1002F0003ACFF639BD46F73979BEF7396F36F83956
:100300009FAEF8390A27F939AF9FF9398E18FA39B3
:10031000A891FA39FC0AFB398B84FB3955FEFB396D
:100320005A78FC399AF2FC39156DFD39CCE7FD3964
:10033000BE62FE39EBDDFE395559FF39F9D4FF397C
:100340006D28003A7B66003AA8A4003AF2E2003A2F
:100350005B21013AE25F013A879E013A4BDD013AA7
:100360002D1C023A2D5B023A4C9A023A89D9023A84
:10037000E518033A6058033AFA97033AB2D7033ABA
:100380008917043A7F57043A9497043AC8D7043A35
:100390001B18053A8D58053A1F99053AD0D9053AE8
:1003A000A01A063A8F5B063A9E9C063ACDDD063AC5
:1003B0001A1F073A8860073A15A2073AC2E3073ABC
:1003C0008F25083A7C67083A88A9083AB5EB083ABD
:1003D000022E093A6E70093AFBB2093AA8F5093AB9
:1003E00076380A3A637B0A3A72BE0A3AA0010B3A9F
:1003F000EF440B3A5F880B3AEFCB0B3AA10F0C3A64
:1004000072530C3A65970C3A79DB0C3AAD1F0D3AF2
:1004100003640D3A7AA80D3A12ED0D3ACB310E3A3B
:10042000A5760E3AA1BB0E3ABE000F3AFC450F3A34
:100430005C8B0F3ADED00F3A8116103A465C103AC8
:100440002DA2103A36E8103A612E113AAD74113AE5
:100450001CBB113AAC01123A5F48123A348F123A7F
:100460002CD6123A461D133A8264133AE1AB133A82
:1004700062F3133A063B143ACC82143AB6CA143AE1
:10048000C212153AF15A153A43A3153AB8EB153A88
:100490005034163A0B7D163AEAC5163AEB0E173A67
:1004A0001058173A59A1173AC5EA173A5434183A6E
:1004B000087E183ADEC7183AD911193AF75B193A8B
:1004C0003AA6193AA0F0193A2A3B1A3AD9851A3AAB
:1004D000ABD01A3AA21B1B3ABD661B3AFDB11B3AC0
:1004E00061FD1B3AE9481C3A96941C3A68E01C3AB4
:1004F0005E2C1D3A79781D3AB9C41D3A1E111E3A78
:10050000A85D1E3A57AA1E3A2BF71E3A24441F3AFA
:1005100043911F3A86DE1F3AF02B203A7E79203A2B
:1005200033C7203A0D15213A0C63213A32B1213AF2
:100530007DFF213AEE4D223A859C223A43EB223A46
:10054000263A233A3089233A5FD8233AB627243A09
:100550003277243AD5C6243A9F16253A8F66253A33
:10056000A6B6253AE406263A4857263AD4A7263AAC
:1005700086F8263A6049273A619A273A89EB273A62
:10058000D83C283A4F8E283AEDDF283AB231293A42
:10059000A083293AB4D5293AF1272A3A567A2A3A39
:1005A000E2CC2A3A961F2B3A73722B3A77C52B3A34
:1005B000A4182C3AF96B2C3A76BF2C3A1C132D3A1E
:1005C000EA662D3AE1BA2D3A000F2E3A48632E3AE8
:1005D000B9B72E3A530C2F3A16612F3A02B62F3A7A
:1005E000170B303A5560303ABDB5303A4E0B313AC0
:1005F0000861313AECB6313AF90C323A3063323AAA
:1006000091B9323A1C10333AD066333AAFBD333A1F
:10061000B714343AEA6B343A47C3343ACE1A353A0F
:100620008072353A5CCA353A6322363A947A363A61
:10063000F0D2363A772B373A2884373A05DD373A05
:100640000C36383A3F8F383A9DE8383A2642393AE4
:10065000DB9B393ABBF5393AC64F3A3AFDA93A3AEB
:1006600060043B3AEE5E3B3AA9B93B3A8F143C3A00
:10067000A16F3C3AE0CA3C3A4B263D3AE1813D3A13
:10068000A5DD3D3A94393E3AB0953E3AF9F13E3A0D
:100690006F4E3F3A11AB3F3AE007403ADC64403AD4
:1006A00005C2403A5B1F413ADF7C413A8FDA413A5A
:1006B0006D38423A7996423AB2F4423A1853433A84
:1006C000ADB1433A6F10443A5F6F443A7DCE443A3D
:1006D000C92D453A438D453AEBEC453AC24C463A72
:1006E000C7AC463AFB0C473A5D6D473AEECD473A08
:1006F000AE2E483A9C8F483AB9F0483A0652493AE9
:1007000081B3493A2C154A3A06774A3A10D94A3AFF
:10071000493B4B3AB19D4B3A49004C3A11634C3A34
:1007200009C64C3A30294D3A888C4D3A10F04D3A72
:10073000C8534E3AB0B74E3AC81B4F3A12804F3AA0
:100740008BE44F3A3549503A10AE503A1C13513AA7
:100750005978513AC7DD513A6643523A36A9523A6E
:10076000370F533A6A75533ACEDB533A6442543AE0
:100770002CA9543A2510553A5077553AADDE553AE2
:100780003D46563AFEAD563AF115573A177E573A5E
:1007900070E6573AFB4E583AB8B7583AA820593A3B
:1007A000CB89593A21F3593AAA5C5A3A66C65A3A61
:1007B00055305B3A789A5B3ACE045C3A576F5C3AB4
:1007C00014DA5C3A05455D3A29B05D3A821B5E3A1F
:1007D0000E875E3ACEF25E3AC35E5F3AECCA5F3A8B
:1007E0004937603ADBA3603AA110613A9C7D613AD7
:1007F000CCEA613A3058623ACAC5623A9833633AF1
:100800009CA1633AD50F643A447E643AE7EC643ABB
:10081000C15B653AD0CA653A153A663A90A9663A1C
:100820004119673A2789673A44F9673A9869683AFB
:1008300021DA683AE24A693AD8BB693A062D6A3A3F
:100840006A9E6A3A06106B3AD8816B3AE1F36B3ACA
:1008500022666C3A9AD86C3A494B6D3A30BE6D3A82
:100860004E316E3AA4A46E3A32186F3AF98B6F3A51
:10087000F7FF6F3A2D74703A9BE8703A425D713A17
:1008800022D2713A3A47723A8ABC723A1432733AB7
:10089000D6A7733AD21D743A0694743A740A753A1C
:1008A0001B81753AFCF7753A166F763A6AE6763A26
:1008B000F75D773ABFD5773AC04D783AFCC5783ABC
:1008C000723E793A22B7793A0C307A3A31A97A3ABB
:1008D00091227B3A2C9C7B3A01167C3A12907C3A0E
:1008E0005D0A7D3AE4847D3AA6FF7D3AA47A7E3A99
:1008F000DDF57E3A51717F3A02ED7F3A7734803AE6
:100900008B72803ABEB0803A0EEF803A7D2D813AEC
:10091000096C813AB5AA813A7EE9813A6628823A21
:100920006C67823A91A6823AD4E5823A3625833AB8
:10093000B764833A56A4833A15E4833AF223843A9F
:10094000EE63843A09A4843A43E4843A9C24853AC9
:100950001565853AACA5853A63E6853A3927863A26
:100960002F68863A44A9863A78EA863ACC2B873AA9
:10097000406D873AD3AE873A87F0873A5A32883A41
:100980004C74883A5FB6883A92F8883AE53A893AE0
:10099000587D893AEBBF893A9E028A3A72458A3A73
:1009A00066888A3A7BCB8A3AB00E8B3A05528B3AEC
:1009B0007B958B3A12D98B3AC91C8C3AA2608C3A3F
:1009C0009BA48C3AB5E88C3AF02C8D3A4C718D3A58
:1009D000C9B58D3A67FA8D3A273F8E3A08848E3A28
:1009E0000AC98E3A2D0E8F3A72538F3AD9988F3AA0
:1009F00061DE8F3A0B24903AD769903AC4AF903AAF
:100A0000D3F5903A053C913A5882913ACDC8913A43
:100A1000640F923A1E56923AFA9C923AF8E3923A4E
:100A2000182B933A5B72933AC1B9933A4901943ABD
:100A3000F348943AC190943AB1D8943AC420953A84
:100A4000F968953A52B1953ACEF9953A6D42963A8F
:100A50002F8B963A14D4963A1D1D973A4966973AC9
:100A600098AF973A0BF9973AA242983A5C8C983A29
:100A70003AD6983A3B20993A616A993AAAB4993A97
:100A800017FF993AA9499A3A5E949A3A38DF9A3A06
:100A9000352A9B3A58759B3A9EC09B3A090C9C3A62
:100AA00099579C3A4DA39C3A26EF9C3A233B9D3A9A
:100AB00045879D3A8CD39D3AF91F9E3A8A6C9E3A9F
:100AC00040B99E3A1B069F3A1C539F3A41A09F3A59
:100AD0008DED9F3AFD3AA03A9388A03A4FD6A03ABE
:100AE0003024A13A3772A13A64C0A13AB70EA23AB3
:100AF0002F5DA23ACEABA23A92FAA23A7D49A33A2E
:100B00008E98A33AC5E7A33A2337A43AA786A43A16
:100B100052D6A43A2326A53A1B76A53A39C6A53A59
:100B20007E16A63AEB66A63A7EB7A63A3808A73AEA
:100B30001959A73A21AAA73A51FBA73AA84CA83AB3
:100B4000269EA83ACCEFA83A9941A93A8E93A93AA1
:100B5000ABE5A93AEF37AA3A5B8AAA3AF0DCAA3A9F
:100B6000AC2FAB3A9082AB3A9CD5AB3AD128AC3A99
:100B70002D7CAC3AB3CFAC3A6023AD3A3677AD3A80
:100B800035CBAD3A5C1FAE3AAD73AE3A26C8AE3A3D
:100B9000C71CAF3A9271AF3A86C6AF3AA31BB03AC0
:100BA000E970B03A59C6B03AF21BB13AB471B13AF1
:100BB000A0C7B13AB61DB23AF573B23A5ECAB23ABC
:100BC000F120B33AAD77B33A94CEB33AA525B43A0F
:100BD000E07CB43A45D4B43AD42BB53A8E83B53AD6
:100BE00073DBB53A8233B63ABB8BB63A20E4B63AF9
:100BF000AF3CB73A6995B73A4EEEB73A5E47B83A66
:100C000099A0B83AFFF9B83A9153B93A4EADB93A0A
:100C10003607BA3A4A61BA3A8ABBBA3AF515BB3ACC
:100C20008C70BB3A4FCBBB3A3E26BC3A5981BC3A9A
:100C3000A0DCBC3A1338BD3AB293BD3A7EEFBD3A60
:100C4000774BBE3A9BA7BE3AED03BF3A6B60BF3A03
:100C500016BDBF3AEE19C03AF376C03A25D4C03A71
:100C60008331C13A108FC13AC9ECC13AB04AC23A95
:100C7000C4A8C23A0607C33A7665C33A13C4C33A56
:100C8000DE22C43AD781C43AFEE0C43A5340C53AA2
:100C9000D69FC53A88FFC53A675FC63A75BFC63A60
:100CA000B21FC73A1D80C73AB7E0C73A8041C83A79
:100CB00078A2C83A9E03C93AF464C93A79C6C93AD7
:100CC0002D28CA3A108ACA3A23ECCA3A654ECB3A62
:100CD000D7B0CB3A7813CC3A4976CC3A4AD9CC3A09
:100CE0007B3CCD3ADC9FCD3A6D03CE3A2F67CE3AAE
:100CF00020CBCE3A422FCF3A9593CF3A18F8CF3A3D
:100D0000CC5CD03AB0C1D03AC626D13A0C8CD13A9C
:100D100083F1D13A2C57D23A06BDD23A1123D33AB5
:100D20004D89D33ABBEFD33A5B56D43A2CBDD43A73
:100D30002F24D53A648BD53ACBF2D53A645AD63AB9
:100D40002FC2D63A2C2AD73A5C92D73ABEFAD73A73
:100D50005363D83A1ACCD83A1435D93A419ED93A85
:100D6000A107DA3A3471DA3AFADADA3AF344DB3ADA
:100D700020AFDB3A8019DC3A1384DC3ADAEEDC3A55
:100D8000D559DD3A04C5DD3A6630DE3AFD9BDE3AE0
:100D9000C707DF3AC673DF3AF9DFDF3A604CE03A63
:100DA000FCB8E03ACD25E13AD292E13A0C00E23AC1
:100DB0007B6DE23A1FDBE23AF848E33A06B7E33AE2
:100DC0004A25E43AC293E43A7102E53A5571E53AAC
:100DD0006EE0E53ABE4FE63A43BFE63AFE2EE73A0A
:100DE000F09EE73A170FE83A757FE83A0AF0E83ADA
:100DF000D560E93AD6D1E93A0E43EA3A7DB4EA3A07
:100E00002326EB3A0098EB3A140AEC3A607CEC3A71
:100E1000E2EEEC3A9D61ED3A8ED4ED3AB847EE3A07
:100E200019BBEE3AB22EEF3A83A2EF3A8C16F03AA3
:100E3000CD8AF03A47FFF03AF973F13AE3E8F13A34
:100E4000065EF23A62D3F23AF648F33AC4BEF33A97
:100E5000CA34F43A0AABF43A8321F53A3698F53AB3
:100E6000210FF63A4786F63AA6FDF63A3F75F73A6D
:100E700012EDF73A1E65F83A65DDF83AE755F93AAA
:100E8000A2CEF93A9847FA3AC9C0FA3A343AFB3A4C
:100E9000DAB3FB3ABB2DFC3AD7A7FC3A2E22FD3A37
:100EA000C09CFD3A8E17FE3A9792FE3ADC0DFF3A4F
:100EB0005D89FF3A8C02003B8840003BA37E003BEB
:100EC000DBBC003B31FB003BA539013B3878013BE3
:100ED000E9B6013BB9F5013BA634023BB373023BD3
:100EE000DDB2023B27F2023B8F31033B1571033B1E
:100EF000BBB0033B7FF0033B6230043B6570043BB7
:100F000086B0043BC6F0043B2531053BA471053B8C
:100F100041B2053BFEF2053BDA33063BD674063B95
:100F2000F1B5063B2CF7063B8638073B007A073BBA
:100F30009ABB073B53FD073B2D3F083B2681083BEF
:100F40003FC3083B7805093BD147093B4A8A093B27
:100F5000E4CC093B9D0F0A3B77520A3B72950A3B52
:100F60008DD80A3BC81B0B3B245F0B3BA0A20B3B5D
:100F70003DE60B3BFB290C3BDA6D0C3BD9B10C3B3E
:100F8000FAF50C3B3B3A0D3B9E7E0D3B22C30D3BDD
:100F9000C6070E3B8C4C0E3B74910E3B7DD60E3B30
:100FA000A71B0F3BF2600F3B5FA60F3BEEEB0F3B27
:100FB0009F31103B7177103B65BD103B7B03113BAC
:100FC000B349113B0D90113B89D6113B271D123BB4
:100FD000E763123BC9AA123BCEF1123BF538133B33
:100FE0003F80133BABC7133B3A0F143BEC56143B0B
:100FF000C09E143BB7E6143BD02E153B0D77153B36
:101000006DBF153BEF07163B9550163B5E99163B9F
:101010004AE2163B5A2B173B8D74173BE3BD173B37
:101020005D07183BFB50183BBC9A183BA1E4183BEA
:10103000A92E193BD678193B26C3193B9A0D1A3BAA
:1010400033581A3BEFA21A3BD0ED1A3BD5381B3B65
:10105000FE831B3B4CCF1B3BBE1A1C3B55661C3B07
:1010600010B21C3BF0FD1C3BF5491D3B1E961D3B81
:101070006DE21D3BE02E1E3B787B1E3B36C81E3BBF
:1010800018151F3B20621F3B4DAF1F3BA0FC1F3BB1
:10109000184A203BB597203B78E5203B6133213B44
:1010A0006F81213BA4CF213BFE1D223B7E6C223B66
:1010B00024BB223BF009233BE258233BFBA7233B05
:1010C00039F7233B9F46243B2A96243BDCE5243B0F
:1010D000B535253BB485253BDBD5253B2826263B6E
:1010E0009B76263B36C7263BF817273BE168273B14
:1010F000F1B9273B280B283B875C283B0DAE283BEA
:10110000BBFF283B9051293B8CA3293BB1F5293BE0
:10111000FD472A3B719A2A3B0DED2A3BD13F2B3BE1
:10112000BD922B3BD1E52B3B0E392C3B728C2C3BDB
:1011300000E02C3BB5332D3B93872D3B9ADB2D3BB9
:10114000C92F2E3B22842E3BA3D82E3B4C2D2F3B68
:101150001F822F3B1BD72F3B412C303B8F81303BD5
:1011600007D7303BA82C313B7282313B66D8313BEC
:10117000842E323BCB84323B3DDB323BD831333B98
:101180009D88333B8CDF333BA536343BE88D343BC5
:1011900056E5343BED3C353BB094353B9CEC353B60
:1011A000B444363BF69C363B62F5363BFA4D373B52
:1011B000BCA6373BAAFF373BC258383B06B2383B88
:1011C000750B393B0F65393BD5BE393BC6183A3BE9
:1011D000E2723A3B2ACD3A3B9E273B3B3E823B3B69
:1011E0000ADD3B3B01383C3B25933C3B74EE3C3BEA
:1011F000F0493D3B99A53D3B6D013E3B6E5D3E3B5D
:101200009CB93E3BF6153F3B7D723F3B31CF3F3BA8
:10121000122C403B2089403B5AE6403BC243413BB5
:1012200057A1413B1AFF413B0A5D423B27BB423B72
:101230007219433BEA77433B91D6433B6535443BC8
:101240006794443B97F3443BF552453B81B2453BA1
:101250003C12463B2572463B3CD2463B8232473BE2
:10126000F792473B9AF3473B6C54483B6DB5483B7C
:101270009D16493BFC77493B8AD9493B473B4A3B52
:10128000349D4A3B50FF4A3B9B614B3B16C44B3B52
:10129000C1264C3B9C894C3BA6EC4C3BE14F4D3B63
:1012A0004BB34D3BE6164E3BB17A4E3BACDE4E3B6C
:1012B000D8424F3B34A74F3BC10B503B7E70503B55
:1012C0006CD5503B8B3A513BDB9F513B5C05523B0D
:1012D0000F6B523BF2D0523B0737533B4D9D533B74
:1012E000C503543B6E6A543B4AD1543B5738553B77
:1012F000959F553B0607563BA96E563B7ED6563BFF
:10130000853E573BBFA6573B2B0F583BCA77583BF0
:101310009CE0583BA049593BD7B2593B411C5A3B32
:10132000DE855A3BAEEF5A3BB1595B3BE8C35B3BB2
:10133000522E5C3BF0985C3BC1035D3BC66E5D3B4F
:10134000FFD95D3B6C455E3B0DB15E3BE21C5F3BF4
:10135000EB885F3B28F55F3B9A61603B41CE603B89
:101360001C3B613B2BA8613B7015623BE982623BF1
:1013700098F0623B7B5E633B94CC633BE23A643B18
:1013800066A9643B1F18653B0D87653B31F6653BDD
:101390008C65663B1CD5663BE244673BDEB4673B2D
:1013A0001025683B7995683B1806693BEE76693BEA
:1013B000FAE7693B3E596A3BB8CA6A3B683C6B3BFB
:1013C00050AE6B3B70206C3BC6926C3B54056D3B42
:1013D00019786D3B16EB6D3B4A5E6E3BB6D16E3BAA
:1013E0005A456F3B37B96F3B4B2D703B97A1703B14
:1013F0001C16713BD98A713BCFFF713BFD74723B68
:1014000064EA723B0460733BDDD5733BEF4B743B86
:101410003AC2743BBF38753B7DAF753B7426763B53
:10142000A59D763B0F15773BB48C773B9204783BB8
:10143000AB7C783BFDF4783B8A6D793B51E6793B98
:10144000535F7A3B8FD87A3B06527B3BB8CB7B3BD2
:10145000A5457C3BCDBF7C3B303A7D3BCEB47D3B4C
:10146000A82F7E3BBDAA7E3B0D267F3B9AA17F3BEA
:10147000B10E803BB34C803BD38A803B11C9803B8B
:101480006E07813BE845813B8184813B38C3813BCA
:101490000D02823B0141823B1480823B45BF823B6F
:1014A00094FE823B023E833B8F7D833B3BBD833B6F
:1014B00005FD833BEF3C843BF77C843B1EBD843BB6
:1014C00065FD843BCA3D853B4F7E853BF3BE853B36
:1014D000B6FF853B9940863B9B81863BBCC2863BE1
:1014E000FD03873B5E45873BDE86873B7EC8873BA7
:1014F0003E0A883B1E4C883B1D8E883B3DD0883B76
:101500007C12893BDC54893B5C97893BFBD9893B46
:10151000BC1C8A3B9C5F8A3B9DA28A3BBEE58A3B02
:1015200000298B3B636C8B3BE6AF8B3B89F38B3B9A
:101530004E378C3B337B8C3B39BF8C3B61038D3BFF
:10154000A9478D3B128C8D3B9CD08D3B48158E3B23
:10155000145A8E3B029F8E3B12E48E3B43298F3BF5
:10156000956E8F3B09B48F3B9FF98F3B563F903B65
:101570002F85903B2ACB903B4711913B8557913B60
:10158000E69D913B69E4913B0E2B923BD571923BDA
:10159000BFB8923BCAFF923BF846933B498E933BC0
:1015A000BCD5933B521D943B0B65943BE6AC943BFE
:1015B000E4F4943B043D953B4885953BAFCD953B8A
:1015C0003916963BE65E963BB6A7963BA9F0963B4E
:1015D000C039973BFA82973B58CC973BD915983B3B
:1015E0007D5F983B46A9983B32F3983B423D993B3F
:1015F0007587993BCDD1993B491C9A3BE8669A3B4C
:10160000ACB19A3B94FC9A3BA1479B3BD1929B3B4C
:1016100026DE9B3BA0299C3B3E759C3B01C19C3B2D
:10162000E80C9D3BF4589D3B25A59D3B7BF19D3BE4
:10163000F63D9E3B968A9E3B5BD79E3B45249F3B57
:1016400055719F3B89BE9F3BE30BA03B6359A03B79
:1016500008A7A03BD3F4A03BC342A13BD990A13B38
:1016600015DFA13B772DA23BFF7BA23BADCAA23B7E
:101670008019A33B7B68A33B9BB7A33BE106A43B3C
:101680004E56A43BE2A5A43B9CF5A43B7D45A53B5F
:101690008495A53BB2E5A53B0736A63B8386A63BD2
:1016A00025D7A63BEF27A73BE078A73BF8C9A73B88
:1016B000371BA83B9E6CA83B2CBEA83BE20FA93B66
:1016C000BF61A93BC4B3A93BF105AA3B4558AA3B5E
:1016D000C1AAAA3B65FDAA3B3150AB3B26A3AB3B5D
:1016E00042F6AB3B8749AC3BF49CAC3B89F0AC3B4E
:1016F0004744AD3B2E98AD3B3DECAD3B7440AE3B1B
:10170000D594AE3B5EE9AE3B113EAF3BEC92AF3BB6
:10171000F1E7AF3B1E3DB03B7592B03BF5E7B03B08
:101720009F3DB13B7293B13B6FE9B13B953FB23BFB
:10173000E595B23B5FECB23B0243B33BD099B33B80
:10174000C8F0B33BE947B43B359FB43BACF6B43B80
:101750004C4EB53B17A6B53B0DFEB53B2D56B63BE3
:1017600078AEB63BED06B73B8E5FB73B59B8B73B9B
:101770004F11B83B716AB83BBDC3B83B351DB93B8F
:10178000D876B93BA7D0B93BA12ABA3BC684BA3BAD
:1017900017DFBA3B9439BB3B3D94BB3B12EFBB3BDD
:1017A000134ABC3B3FA5BC3B9800BD3B1D5CBD3B09
:1017B000CFB7BD3BAD13BE3BB76FBE3BEECBBE3B21
:1017C0005128BF3BE284BF3B9FE1BF3B893EC03B0A
:1017D000A09BC03BE4F8C03B5556C13BF4B3C13BB2
:1017E000C011C23BB96FC23BE0CDC23B342CC33BFE
:1017F000B68AC33B66E9C33B4448C43B4FA7C43BDE
:101800008906C53BF165C53B87C5C53B4B25C63B36
:101810003D85C63B5FE5C63BAE45C73B2CA6C73BF7
:10182000D906C83BB567C83BC0C8C83BFA29C93B05
:10183000628BC93BFAECC93BC24ECA3BB8B0CA3B4B
:10184000DE12CB3B3475CB3BB9D7CB3B6E3ACC3BAE
:10185000529DCC3B6700CD3BAC63CD3B20C7CD3B1D
:10186000C52ACE3B9A8ECE3B9FF2CE3BD556CF3B80
:101870003BBBCF3BD21FD03B9A84D03B92E9D03BBD
:10188000BC4ED13B16B4D13BA219D23B5E7FD23BBA
:101890004CE5D23B6B4BD33BBCB1D33B3E18D43B66
:1018A000F27ED43BD8E5D43BEF4CD53B38B4D53BA6
:1018B000B41BD63B6183D63B41EBD63B5353D73B5E
:1018C00097BBD73B0E24D83BB88CD83B94F5D83B7C
:1018D000A35ED93BE5C7D93B5931DA3B019BDA3BE3
:1018E000DC04DB3BEA6EDB3B2CD9DB3BA143DC3B7E
:1018F0004AAEDC3B2619DD3B3684DD3B7AEFDD3B2F
:10190000F25ADE3B9EC6DE3B7E32DF3B929EDF3BE1
:10191000DB0AE03B5877E03B09E4E03BEF50E13B7A
:101920000ABEE13B5A2BE23BDF98E23B9806E33BE1
:101930008774E33BABE2E33B0551E43B94BFE43BFC
:10194000582EE53B529DE53B820CE63BE87BE63BAF
:1019500083EBE63B555BE73B5DCBE73B9B3BE83BE3
:101960000FACE83BBA1CE93B9C8DE93BB4FEE93B7C
:101970000270EA3B88E1EA3B4553EB3B39C5EB3B60
:101980006437EC3BC6A9EC3B601CED3B318FED3B73
:101990003902EE3B7A75EE3BF2E8EE3BA25CEF3BA0
:1019A0008BD0EF3BAB44F03B03B9F03B942DF13BC4
:1019B0005EA2F13B6017F23B9A8CF23B0E02F33BC6
:1019C000BA77F33B9FEDF33BBD63F43B15DAF43B91
:1019D000A650F53B70C7F53B743EF63BB1B5F63B00
:1019E000282DF73BD9A4F73BC41CF83BE994F83BFE
:1019F000480DF93BE285F93BB6FEF93BC477FA3B6B
:101A00000DF1FA3B916AFB3B50E4FB3B495EFC3B2A
:101A10007ED8FC3BEE52FD3B99CDFD3B7F48FE3B23
:101A2000A2C3FE3BFF3EFF3B99BAFF3B371B003C86
:101A30004059003C6697003CABD5003C0E14013C7D
:101A40008F52013C2E91013CECCF013CC80E023C70
:101A5000C34D023CDC8C023C14CC023C6A0B033CC0
:101A6000DF4A033C728A033C25CA033CF609043C66
:101A7000E649043CF589043C23CA043C710A053C50
:101A8000DD4A053C698B053C14CC053CDE0C063C6C
:101A9000C74D063CD08E063CF9CF063C4111073CB1
:101AA000A852073C3094073CD7D5073C9D17083C0B
:101AB0008459083C8B9B083CB1DD083CF81F093C6D
:101AC0005F62093CE6A4093C8DE7093C542A0A3CC4
:101AD0003C6D0A3C44B00A3C6CF30A3CB5360B3C06
:101AE0001F7A0B3CA9BD0B3C54010C3C20450C3C1F
:101AF0000D890C3C1ACD0C3C49110D3C98550D3C00
:101B0000099A0D3C9BDE0D3C4E230E3C22680E3C98
:101B100017AD0E3C2EF20E3C67370F3CC17C0F3CDC
:101B20003CC20F3CD907103C984D103C7993103CB7
:101B30007BD9103CA01F113CE665113C4FAC113C19
:101B4000D9F2113C8639123C5580123C46C7123CF2
:101B5000590E133C8F55133CE89C133C63E4133C33
:101B6000002C143CC173143CA4BB143CAA03153CC8
:101B7000D24B153C1E94153C8DDC153C1F25163CA4
:101B8000D36D163CACB6163CA7FF163CC648173CB6
:101B90000892173C6EDB173CF724183CA46E183CE7
:101BA00074B8183C6802193C804C193CBC96193C2E
:101BB0001CE1193CA02B1A3C48761A3C14C11A3C73
:101BC000050C1B3C19571B3C52A21B3CB0ED1B3CA7
:101BD00032391C3CD8841C3CA4D01C3C931C1D3CBA
:101BE000A8681D3CE2B41D3C40011E3CC34D1E3C98
:101BF0006C9A1E3C39E71E3C2C341F3C44811F3C30
:101C000082CE1F3CE41B203C6D69203C1BB7203C6E
:101C1000EE04213CE752213C06A1213C4BEF213C44
:101C2000B53D223C468C223CFDDA223CD929233C9E
:101C3000DC78233C06C8233C5517243CCB66243C67
:101C400068B6243C2B06253C1556253C25A6253C8C
:101C50005CF6253CBA46263C3F97263CEBE7263C03
:101C6000BE38273CB889273CD9DA273C222C283CAF
:101C7000927D283C29CF283CE820293CCF72293C82
:101C8000DDC4293C13172A3C71692A3CF7BB2A3C66
:101C9000A40E2B3C7A612B3C78B42B3C9E072C3C49
:101CA000EC5A2C3C63AE2C3C02022D3CC9552D3C19
:101CB000B9A92D3CD2FD2D3C14522E3C7EA62E3CC3
:101CC00011FB2E3CCD4F2F3CB3A42F3CC1F92F3C30
:101CD000F84E303C59A4303CE3F9303C974F313C4E
:101CE00074A5313C7BFB313CAB51323C05A8323C06
:101CF00089FE323C3755333C0EAC333C1003343C48
:101D00003C5A343C92B1343C1309353CBE60353CFE
:101D100093B8353C9310363CBD68363C13C1363C15
:101D20009319373C3E72373C13CB373C1424383C74
:101D3000407D383C97D6383C1A30393CC789393C0D
:101D4000A0E3393CA53D3A3CD5973A3C31F23A3CC8
:101D5000B94C3B3C6DA73B3C4C023C3C585D3C3C89
:101D60008FB83C3CF3133D3C836F3D3C40CB3D3C46
:101D700029273E3C3E833E3C80DF3E3CEF3B3F3CE0
:101D80008A983F3C52F53F3C4752403C6AAF403C4A
:101D9000B90C413C366A413CDFC7413CB725423C67
:101DA000BB83423CEDE1423C4D40433CDB9E433C27
:101DB00096FD433C7F5C443C96BB443CDC1A453C6E
:101DC0004F7A453CF1D9453CC039463CBF99463C29
:101DD000ECF9463C475A473CD1BA473C8A1B483C41
:101DE000727C483C88DD483CCE3E493C43A0493C9F
:101DF000E7014A3CBA634A3CBDC54A3CEF274B3C2D
:101E0000508A4B3CE2EC4B3CA34F4C3C94B24C3CD4
:101E1000B4154D3C05794D3C86DC4D3C37404E3C7D
:101E200019A44E3C2B084F3C6D6C4F3CE0D04F3C0E
:101E30008335503C589A503C5DFF503C9364513C74
:101E4000FAC9513C922F523C5B95523C56FB523C96
:101E50008261533CE0C7533C6F2E543C2F95543C59
:101E600022FC543C4763553C9DCA553C2532563CA8
:101E7000E099563CCD01573CEC69573C3ED2573C6B
:101E8000C23A583C79A3583C620C593C7F75593C86
:101E9000CEDE593C50485A3C06B25A3CEE1B5B3CE5
:101EA0000A865B3C59F05B3CDC5A5C3C92C55C3C6E
:101EB0007C305D3C9A9B5D3CEC065E3C72725E3C05
:101EC0002BDE5E3C194A5F3C3CB65F3C9222603C94
:101ED0001D8F603CDDFB603CD268613CFBD5613C02
:101EE0005943623CECB0623CB41E633CB18C633C31
:101EF000E4FA633C4C69643CE9D7643CBC46653C0D
:101F0000C5B5653C0325663C7794663C2204673C76
:101F10000274673C19E4673C6654683CE9C4683C59
:101F2000A335693C93A6693CBA176A3C18896A3C98
:101F3000ADFA6A3C796C6B3C7CDE6B3CB6506C3C19
:101F400028C36C3CD1356D3CB1A86D3CCA1B6E3CBE
:101F50001A8F6E3CA1026F3C61766F3C59EA6F3C70
:101F6000895E703CF1D2703C9247713C6BBC713C15
:101F70007D31723CC8A6723C4B1C733C0792733C8B
:101F8000FD07743C2B7E743C93F4743C346B753CBD
:101F90000EE2753C2259763C70D0763CF847773C8F
:101FA000B9BF773CB537783CEAAF783C5A28793CE2
:101FB00004A1793CE9197A3C08937A3C620C7B3C99
:101FC000F7857B3CC6FF7B3CD1797C3C17F47C3C9D
:101FD000986E7D3C54E97D3C4C647E3C7FDF7E3CCA
:101FE000EE5A7F3C99D67F3C4029803C5167803C2B
:101FF00081A5803CCEE3803C3A22813CC460813C98
:102000006C9F813C33DE813C181D823C1B5C823C12
:102010003E9B823C7EDA823CDD19833C5B59833CEB
:10202000F898833CB4D8833C8E18843C8858843C10
:10203000A098843CD7D8843C2E19853CA459853C73
:10204000399A853CEDDA853CC01B863CB35C863C06
:10205000C69D863CF8DE863C4920873CBA61873CB9
:102060004BA3873CFCE4873CCC26883CBD68883C7D
:10207000CDAA883CFEEC883C4E2F893CBE71893C41
:102080004FB4893C00F7893CD1398A3CC37C8A3CF7
:10209000D5BF8A3C08038B3C5B468B3CCF898B3C8D
:1020A00063CD8B3C18118C3CEE548C3CE5988C3CF9
:1020B000FDDC8C3C36218D3C8F658D3C0AAA8D3C25
:1020C000A7EE8D3C64338E3C43788E3C43BD8E3C02
:1020D00064028F3CA7478F3C0C8D8F3C92D28F3C83
:1020E0003918903C035E903CEEA3903CFCE9903C98
:1020F0002B30913C7C76913CEFBC913C8503923C2B
:102100003C4A923C1691923C13D8923C311F933C2E
:102110007266933CD6AD933C5CF5933C053D943C94
:10212000D084943CBFCC943CD014953C045D953C49
:102130005BA5953CD5ED953C7336963C337F963C3C
:1021400017C8963C1E11973C485A973C96A3973C5B
:1021500007ED973C9C36983C5580983C31CA983C9A
:102160003114993C555E993C9DA8993C09F3993CE2
:10217000993D9A3C4D889A3C26D39A3C221E9B3C22
:1021800043699B3C88B49B3CF2FF9B3C814B9C3C4D
:1021900034979C3C0BE39C3C082F9D3C297B9D3C49
:1021A0006FC79D3CDA139E3C6A609E3C1FAD9E3C0F
:1021B000F9F99E3CF9469F3C1E949F3C68E19F3C88
:1021C000D82EA03C6D7CA03C28CAA03C0918A13C9C
:1021D0000F66A13C3BB4A13C8D02A23C0551A23C40
:1021E000A39FA23C67EEA23C513DA33C618CA33C63
:1021F00098DBA33CF52AA43C797AA43C23CAA43CEE
:10220000F419A53CEB69A53C09BAA53C4E0AA63CCD
:10221000BA5AA63C4DABA63C07FCA63CE84CA73CF2
:10222000F09DA73C20EFA73C7740A83CF591A83C47
:102230009BE3A83C6835A93C5D87A93C7AD9A93CB9
:10224000BE2BAA3C2B7EAA3CBFD0AA3C7B23AB3C36
:102250006076AB3C6CC9AB3CA11CAC3CFE6FAC3CAB
:1022600084C3AC3C3217AD3C086BAD3C08BFAD3C01
:102270003013AE3C8067AE3CFABBAE3C9D10AF3C29
:102280006865AF3C5DBAAF3C7B0FB03CC264B03C0C
:1022900032BAB03CCC0FB13C8F65B13C7CBBB13C99
:1022A0009311B23CD367B23C3DBEB23CD114B33CB7
:1022B0008F6BB33C77C2B33C8919B43CC570B43C56
:1022C0002CC8B43CBC1FB53C7877B53C5ECFB53C60
:1022D0006E27B63CA97FB63C0FD8B63CA030B73CC1
:1022E0005C89B73C42E2B73C543BB83C9194B83C63
:1022F000F9EDB83C8D47B93C4CA1B93C37FBB93C32
:102300004D55BA3C8EAFBA3CFC09BB3C9564BB3C16
:102310005ABFBB3C4C1ABC3C6975BC3CB2D0BC3CFF
:10232000282CBD3CCA87BD3C99E3BD3C943FBE3CD4
:10233000BB9BBE3C0FF8BE3C9054BF3C3EB1BF3C83
:10234000190EC03C216BC03C56C8C03CB825C13CEE
:102350004783C13C04E1C13CEE3EC23C069DC23C09
:102360004BFBC23CBE59C33C5EB8C33C2D17C43CBA
:102370002A76C43C54D5C43CAD34C53C3494C53CE9
:10238000E9F3C53CCD53C63CDFB3C63C2014C73C83
:102390008F74C73C2DD5C73CFA35C83CF696C83C6F
:1023A00021F8C83C7B59C93C05BBC93CBD1CCA3C93
:1023B000A57ECA3CBCE0CA3C0343CB3C7AA5CB3CDF
:1023C0002008CC3CF66ACC3CFCCDCC3C3231CD3C38
:1023D0009994CD3C2FF8CD3CF65BCE3CEDBFCE3C86
:1023E0001424CF3C6C88CF3CF5ECCF3CAE51D03CB4
:1023F00099B6D03CB41BD13C0081D13C7DE6D13CA8
:102400002C4CD23C0CB2D23C1D18D33C607ED33C49
:10241000D4E4D33C7A4BD43C52B2D43C5B19D53C87
:102420009780D53C04E8D53CA44FD63C76B7D63C43
:102430007B1FD73CB187D73C1BF0D73CB758D83C63
:1024400085C1D83C872AD93CBB93D93C23FDD93CD4
:10245000BD66DA3C8BD0DA3C8C3ADB3CC1A4DB3C79
:10246000290FDC3CC479DC3C93E4DC3C964FDD3C3A
:10247000CDBADD3C3826DE3CD791DE3CABFDDE3C00
:10248000B269DF3CEED5DF3C5E42E03C03AFE03CAE
:10249000DD1BE13CEB88E13C2FF6E13CA763E23C2D
:1024A00054D1E23C373FE33C4FADE33C9C1BE43C62
:1024B0001F8AE43CD7F8E43CC567E53CE9D6E53C37
:1024C0004346E63CD3B5E63C9925E73C9595E73C89
:1024D000C705E83C3076E83CCFE6E83CA557E93C48
:1024E000B2C8E93CF539EA3C70ABEA3C211DEB3C53
:1024F0000A8FEB3C2A01EC3C8173EC3C0FE6EC3C90
:10250000D658ED3CD4CBED3C093FEE3C77B2EE3CE7
:102510001C26EF3CFA99EF3C100EF03C5E82F03C3A
:10252000E4F6F03CA46BF13C9BE0F13CCC55F23C72
:1025300035CBF23CD740F33CB3B6F33CC72CF43C6C
:1025400015A3F43C9C19F53C5C90F53C5707F63C10
:102550008B7EF63CF8F5F63CA06DF73C82E5F73C47
:102560009E5DF83CF4D5F83C854EF93C50C7F93CEB
:102570005540FA3C96B9FA3C1133FB3CC7ACFB3CE6
:10258000B826FC3CE4A0FC3C4C1BFD3CEF95FD3C1C
:10259000CD10FE3CE78BFE3C3D07FF3CCF82FF3C6D
:1025A0009CFEFF3C533D003D767B003DB7B9003DAE
:1025B00016F8003D9436013D3075013DEAB3013D0A
:1025C000C2F2013DBA31023DCF70023D04B0023D7E
:1025D00057EF023DC82E033D596E033D08AE033D43
:1025E000D6ED033DC32D043DD06D043DFBAD043D50
:1025F00045EE043DAF2E053D386F053DE0AF053D8E
:10260000A8F0053D8F31063D9572063DBBB3063DF2
:1026100001F5063D6636073DEB77073D90B9073D6E
:1026200055FB073D393D083D3E7F083D63C1083DF0
:10263000A703093D0C46093D9188093D37CB093D6B
:10264000FD0D0A3DE3500A3DE9930A3D11D70A3DCD
:10265000581A0B3DC15D0B3D4AA10B3DF4E40B3D07
:10266000BE280C3DAA6C0C3DB7B00C3DE4F40C3D0B
:1026700033390D3DA37D0D3D34C20D3DE6060E3DC3
:10268000BA4B0E3DAF900E3DC6D50E3DFE1A0F3D26
:1026900058600F3DD3A50F3D70EB0F3D2F31103D1E
:1026A0001077103D13BD103D3703113D7E49113D9C
:1026B000E78F113D72D6113D1F1D123DEF63123D94
:1026C000E1AA123DF5F1123D2C39133D8580133DF1
:1026D00002C8133DA00F143D6257143D469F143DA0
:1026E0004EE7143D782F153DC577153D36C0153D95
:1026F000C908163D8051163D5A9A163D58E3163DBD
:10270000792C173DBD75173D25BF173DB108183D04
:102710006052183D349C183D2BE6183D4630193D5B
:10272000847A193DE7C4193D6E0F1A3D1A5A1A3DB5
:10273000E9A41A3DDDEF1A3DF53A1B3D32861B3DFB
:1027400093D11B3D191D1C3DC4681C3D93B41C3D19
:1027500087001D3DA04C1D3DDE981D3D41E51D3D02
:10276000C9311E3D767E1E3D49CB1E3D41181F3DA1
:102770005E651F3DA0B21F3D0900203D964D203DE6
:102780004A9B203D23E9203D2237213D4785213DBD
:1027900092D3213D0222223D9970223D56BF223D17
:1027A0003A0E233D435D233D74AC233DCAFB233DDC
:1027B000474B243DEB9A243DB5EA243DA63A253DFE
:1027C000BE8A253DFDDA253D632B263DF07B263D67
:1027D000A4CC263D7F1D273D826E273DACBF273D03
:1027E000FD10283D7662283D16B4283DDE05293DC2
:1027F000CE57293DE6A9293D25FC293D8D4E2A3D90
:102800001CA12A3DD4F32A3DB4462B3DBC992B3D57
:10281000ECEC2B3D45402C3DC7932C3D71E72C3D06
:10282000433B2D3D3F8F2D3D63E32D3DB0372E3D86
:10283000268C2E3DC5E02E3D8D352F3D7E8A2F3DC9
:1028400099DF2F3DDD34303D4B8A303DE1DF303DB7
:10285000A235313D8C8B313DA0E1313DDE37323D3B
:10286000468E323DD8E4323D943B333D7A92333D3F
:102870008AE9333DC440343D2998343DB9EF343DB5
:102880007347353D589F353D67F7353DA14F363D80
:1028900006A8363D9600373D5159373D38B2373D91
:1028A000490B383D8664383DEEBD383D8217393DD1
:1028B0004171393D2CCB393D42253A3D847F3A3D2B
:1028C000F3D93A3D8D343B3D538F3B3D46EA3B3D8A
:1028D00064453C3DAFA03C3D26FC3C3DCA573D3DD8
:1028E0009AB33D3D970F3E3DC16B3E3D18C83E3DFE
:1028F0009B243F3D4C813F3D29DE3F3D343B403DE5
:102900006C98403DD1F5403D6453413D24B1413D7B
:10291000120F423D2D6D423D77CB423DEE29433DA6
:102920009388433D66E7433D6746443D97A5443D54
:10293000F404453D8164453D3BC4453D2424463D6A
:102940003C84463D83E4463DF844473D9DA5473DD4
:102950007006483D7367483DA4C8483D052A493D77
:10296000968B493D56ED493D454F4A3D64B14A3D40
:10297000B3134B3D32764B3DE0D84B3DBF3B4C3D16
:10298000CD9E4C3D0C024D3D7B654D3D1BC94D3DE3
:10299000EB2C4E3DEC904E3D1DF54E3D7F594F3D8D
:1029A00012BE4F3DD622503DCB87503DF1EC503DFD
:1029B0004852513DD1B7513D8B1D523D7783523D19
:1029C00094E9523DE34F533D63B6533D161D543DCC
:1029D000FB83543D11EB543D5A52553DD5B9553DFD
:1029E0008321563D6389563D75F1563DBB59573D90
:1029F00033C2573DDE2A583DBB93583DCCFC583D71
:102A00001066593D88CF593D32395A3D11A35A3D80
:102A1000220D5B3D68775B3DE1E15B3D8E4C5C3DAB
:102A20006FB75C3D84225D3DCD8D5D3D4AF95D3DD6
:102A3000FC645E3DE2D05E3DFD3C5F3D4CA95F3DE8
:102A4000D015603D8982603D77EF603D9A5C613DC5
:102A5000F3C9613D8037623D43A5623D3B13633D51
:102A60006981633DCDEF633D665E643D35CD643D78
:102A70003A3C653D76AB653DE71A663D8F8A663D1B
:102A80006DFA663D826A673DCDDA673D504B683D21
:102A900009BC683DF82C693D1F9E693D7D0F6A3D6C
:102AA00013816A3DDFF26A3DE3646B3D1FD76B3DE6
:102AB00092496C3D3EBC6C3D212F6D3D3CA26D3D6D
:102AC0008F156E3D1A896E3DDEFC6E3DDA706F3DEE
:102AD0000FE56F3D7C59703D22CE703D0143713D45
:102AE00019B8713D6A2D723DF5A2723DB818733D5B
:102AF000B58E733DEC04743D5C7B743D06F2743D11
:102B0000EA68753D08E0753D5F57763DF2CE763D4B
:102B1000BE46773DC5BE773D0637783D82AF783DEE
:102B20003928793D2BA1793D581A7A3DBF937A3DDA
:102B3000620D7B3D41877B3D5B017C3DB07B7C3DF5
:102B400041F67C3D0E717D3D17EC7D3D5C677E3D21
:102B5000DDE27E3D9A5E7F3D94DA7F3D652B803DD0
:102B60009E69803DF6A7803D6CE6803D0125813D54
:102B7000B463813D86A2813D76E1813D8620823D20
:102B8000B45F823D009F823D6CDE823DF71D833D38
:102B9000A05D833D699D833D51DD833D581D843D8E
:102BA0007F5D843DC49D843D29DE843DAE1E853D10
:102BB000525F853D15A0853DF9E0853DFC21863DB0
:102BC0001E63863D61A4863DC3E5863D4527873D5E
:102BD000E868873DAAAA873D8CEC873D8F2E883D0B
:102BE000B270883DF5B2883D59F5883DDD37893DA5
:102BF000817A893D46BD893D2C008A3D32438A3D1C
:102C000059868A3DA1C98A3D0A0D8B3D94508B3D62
:102C10003F948B3D0AD88B3DF71B8C3D05608C3D66
:102C200035A48C3D86E88C3DF82C8D3D8B718D3D17
:102C300040B68D3D17FB8D3D0F408E3D2A858E3D64
:102C400065CA8E3DC30F8F3D43558F3DE49A8F3D3E
:102C5000A8E08F3D8E26903D966C903DC0B2903D91
:102C60000CF9903D7B3F913D0D86913DC0CC913D4F
:102C70009713923D905A923DACA1923DEAE8923D65
:102C80004C30933DD077933D77BF933D4207943DC1
:102C90002F4F943D4097943D74DF943DCB27953D55
:102CA0004670953DE4B8953DA601963D8B4A963D0C
:102CB0009493963DC1DC963D1226973D866F973DD5
:102CC0001FB9973DDB02983DBC4C983DC096983D9E
:102CD000E9E0983D362B993DA875993D3EC0993D58
:102CE000F90A9A3DD8559A3DDCA09A3D04EC9A3DEC
:102CF00052379B3DC4829B3D5BCE9B3D181A9C3D49
:102D0000F9659C3D00B29C3D2BFE9C3D7C4A9D3D5F
:102D1000F3969D3D8FE39D3D50309E3D387D9E3D19
:102D200044CA9E3D77179F3DCF649F3D4DB29F3D66
:102D3000F2FF9F3DBC4DA03DAC9BA03DC3E9A03D33
:102D40000038A13D6386A13DEDD4A13D9D23A23D68
:102D50007472A23D71C1A23D9610A33DE15FA33DF7
:102D600052AFA33DEBFEA33DAB4EA43D929EA43DCE
:102D7000A0EEA43DD63EA53D328FA53DB7DFA53DD3
:102D80006230A63D3681A63D30D2A63D5323A73DF5
:102D90009E74A73D10C6A73DAA17A83D6D69A83D22
:102DA00057BBA83D6A0DA93DA55FA93D08B2A93D45
:102DB0009404AA3D4857AA3D25AAAA3D2AFDAA3D4A
:102DC0005950AB3DB0A3AB3D30F7AB3DD94AAC3D1C
:102DD000AB9EAC3DA7F2AC3DCB46AD3D199BAD3DA6
:102DE00090EFAD3D3144AE3DFC98AE3DF0EDAE3DD3
:102DF0000D43AF3D5598AF3DC6EDAF3D6243B03D8D
:102E00002799B03D17EFB03D3145B13D759BB13DC0
:102E1000E4F1B13D7D48B23D419FB23D2FF6B23D58
:102E2000484DB33D8CA4B33DFBFBB33D9453B43D3F
:102E300059ABB43D4903B53D655BB53DABB3B53D5D
:102E40001D0CB63DBB64B63D84BDB63D7816B73D9E
:102E5000996FB73DE5C8B73D5E22B83D027CB83DED
:102E6000D2D5B83DCF2FB93DF889B93D4DE4B93D34
:102E7000CF3EBA3D7D99BA3D58F4BA3D604FBB3D57
:102E800094AABB3DF605BC3D8461BC3D40BDBC3D44
:102E90002819BD3D3E75BD3D81D1BD3DF22DBE3DE4
:102EA000908ABE3D5CE7BE3D5644BF3D7DA1BF3D1F
:102EB000D2FEBF3D555CC03D07BAC03DE617C13DDF
:102EC000F475C13D30D4C13D9A32C23D3491C23D0A
:102ED000FBEFC23DF24EC33D17AEC33D6B0DC43D8B
:102EE000EE6CC43DA1CCC43D822CC53D938CC53D48
:102EF000D3ECC53D424DC63DE2ADC63DB00EC73D2B
:102F0000AF6FC73DDDD0C73D3C32C83DCA93C83D19
:102F100089F5C83D7857C93D97B9C93DE61BCA3DFB
:102F2000667ECA3D17E1CA3DF943CB3D0BA7CB3DB9
:102F30004E0ACC3DC26DCC3D68D1CC3D3E35CD3D39
:102F40004699CD3D7FFDCD3DEA61CE3D87C6CE3D64
:102F5000552BCF3D5590CF3D86F5CF3DEA5AD03D1C
:102F600080C0D03D4826D13D438CD13D70F2D13D4B
:102F7000CF58D23D61BFD23D2626D33D1D8DD33DD6
:102F800048F4D33DA55BD43D36C3D43DF92AD53DA5
:102F9000F192D53D1BFBD53D7963D63D0BCCD63D9B
:102FA000D034D73DCA9DD73DF706D83D5870D83D9F
:102FB000EED9D83DB843D93DB6ADD93DE917DA3D94
:102FC0005082DA3DECECDA3DBC57DB3DC2C2DB3D62
:102FD000FD2DDC3D6D99DC3D1105DD3DEC70DD3DE9
:102FE000FCDCDD3D4149DE3DBCB5DE3D6D22DF3D13
:102FF000538FDF3D70FCDF3DC269E03D4BD7E03DC4
:103000000B45E13D00B3E13D2C21E23D8F8FE23DD8
:1030100029FEE23DF96CE33D01DCE33D3F4BE43D3D
:10302000B5BAE43D622AE53D469AE53D620AE63DD1
:10303000B67AE63D41EBE63D045CE73D00CDE73D79
:10304000333EE83D9FAFE83D4221E93D1F93E93D16
:103050003405EA3D8177EA3D08EAEA3DC75CEB3D8D
:10306000BFCFEB3DF142EC3D5CB6EC3D002AED3DBF
:10307000DD9DED3DF411EE3D4586EE3DD0FAEE3D91
:10308000956FEF3D94E4EF3DCD59F03D40CFF03DDD
:10309000EE44F13DD6BAF13DF930F23D57A7F23D8D
:1030A000F01DF33DC394F33DD20BF43D1D83F43D7D
:1030B000A2FAF43D6372F53D60EAF53D9962F63D92
:1030C0000DDBF63DBD53F73DAACCF73DD345F83DAA
:1030D00038BFF83DDA38F93DB8B2F93DD32CFA3DA6
:1030E0002BA7FA3DC021FB3D939CFB3DA217FC3D65
:1030F000EF92FC3D790EFD3D418AFD3D4706FE3DC8
:103100008A82FE3D0CFFFE3DCC7BFF3DCAF8FF3DB1
:10311000033B003EC179003E9EB8003E9AF7003E58
:10312000B636013EF175013E4CB5013EC6F4013E96
:103130006034023E1A74023EF4B3023EEEF3023EE5
:103140000834033E4174033E9BB4033E15F5033E31
:10315000B035043E6A76043E45B7043E41F8043E6D
:103160005D39053E9A7A053EF7BB053E75FD053E85
:10317000143F063ED380063EB4C2063EB604073E68
:10318000D846073E1C89073E81CB073E070E083E06
:10319000AF50083E7893083E63D6083E6F19093E4B
:1031A0009C5C093EEC9F093E5DE3093EF0260A3E29
:1031B000A56A0A3E7CAE0A3E75F20A3E90360B3E88
:1031C000CD7A0B3E2CBF0B3EAE030C3E52480C3E5C
:1031D000198D0C3E02D20C3E0E170D3E3D5C0D3E8D
:1031E0008EA10D3E02E70D3E9A2C0E3E54720E3E0D
:1031F00031B80E3E31FE0E3E55440F3E9B8A0F3EC7
:1032000006D10F3E9317103E445E103E19A5103EA6
:1032100011EC103E2D33113E6D7A113ED1C1113E9D
:103220005909123E0451123ED498123EC8E0123E93
:10323000E128133E1D71133E7FB9133E0402143E74
:10324000AE4A143E7D93143E71DC143E8925153E32
:10325000C66E153E28B8153EB001163E5C4B163EB4
:103260002E95163E25DF163E4129173E8273173EE6
:10327000EABD173E7608183E2953183E019E183EB7
:10328000FFE8183E2334193E6D7F193EDDCA193E12
:1032900073161A3E30621A3E13AE1A3E1CFA1A3EDC
:1032A0004C461B3EA2921B3E1FDF1B3EC32B1C3E07
:1032B0008D781C3E7EC51C3E97121D3ED65F1D3E7E
:1032C0003DAD1D3ECBFA1D3E80481E3E5D961E3E26
:1032D00061E41E3E8D321F3EE0801F3E5BCF1F3EED
:1032E000FE1D203EC96C203EBCBB203ED70A213EBD
:1032F0001A5A213E86A9213E19F9213ED648223E7E
:10330000BB98223EC8E8223EFE38233E5D89233E1C
:10331000E5D9233E962A243E707B243E73CC243E7E
:103320009F1D253EF56E253E74C0253E1C12263E8F
:10333000EE63263EEAB5263E1008273E5F5A273E3A
:10334000D9AC273E7CFF273E4A52283E42A5283E64
:1033500064F8283EB14B293E289F293ECAF2293EF7
:1033600096462A3E8E9A2A3EB0EE2A3EFD422B3EDB
:1033700076972B3E19EC2B3EE8402C3EE2952C3EF6
:1033800008EB2C3E59402D3ED6952D3E7EEB2D3E32
:1033900053412E3E53972E3E7FED2E3ED8432F3E77
:1033A0005D9A2F3E0EF12F3EEC47303EF69E303EAA
:1033B0002CF6303E904D313E20A5313EDDFC313EB5
:1033C000C854323EDFAC323E2405333E965D333E78
:1033D00035B6333E020F343EFC67343E25C1343EE1
:1033E0007B1A353EFF73353EB1CD353E9127363ED3
:1033F000A081363EDDDB363E4836373EE290373E32
:10340000AAEB373EA146383EC8A1383E1DFD383EE6
:10341000A158393E54B4393E37103A3E496C3A3ED1
:103420008BC83A3EFC243B3E9D813B3E6EDE3B3EDC
:103430006F3B3C3E9F983C3E00F63C3E91533D3EE8
:1034400053B13D3E450F3E3E686D3E3EBBCB3E3EDA
:103450003F2A3F3EF4883F3EDAE73F3EF246403E99
:103460003AA6403EB405413E5F65413E3CC5413E03
:103470004B25423E8B85423EFEE5423EA246433E00
:1034800079A7433E8208443EBD69443E2BCB443E6F
:10349000CB2C453E9E8E453EA4F0453EDD52463E39
:1034A0004AB5463EE917473EBB7A473EC1DD473E37
:1034B000FB40483E68A4483E0908493EDE6B493E51
:1034C000E8CF493E25344A3E96984A3E3CFD4A3E66
:1034D00016624B3E26C74B3E692C4C3EE2914C3E59
:1034E00090F74C3E735D4D3E8BC34D3ED8294E3E0A
:1034F0005B904E3E14F74E3E025E4F3E26C54F3E59
:10350000802C503E1194503ED7FB503ED463513E28
:1035100008CC513E7234523E139D523EEB05533E51
:10352000FA6E533E40D8533EBD41543E72AB543EBA
:103530005E15553E827F553EDEE9553E7154563E3E
:103540003DBF563E412A573E7D95573EF200583EBC
:103550009F6C583E85D8583EA444593EFCB0593E15
:103560008D1D5A3E578A5A3E5BF75A3E98645B3E21
:103570000FD25B3EC03F5C3EABAD5C3ED01B5D3EC0
:103580002F8A5D3EC8F85D3E9C675E3EABD65E3ED0
:10359000F4455F3E79B55F3E3825603E3395603E29
:1035A0006905613EDA75613E88E6613E7157623EAB
:1035B00095C8623EF639633E94AB633E6D1D643E32
:1035C000838F643ED601653E6674653E32E7653E94
:1035D0003C5A663E83CD663E0741673EC9B4673EAE
:1035E000C828683E069D683E8111693E3B86693E5B
:1035F00033FB693E69706A3EDEE56A3E925B6B3E74
:1036000084D16B3EB6476C3E27BE6C3ED7346D3ED0
:10361000C7AB6D3EF7226E3E669A6E3E15126F3E48
:10362000058A6F3E3502703EA57A703E56F3703EB5
:10363000486C713E7BE5713EEF5E723EA4D8723EEF
:103640009B52733ED3CC733E4D47743E09C2743EC9
:10365000073D753E47B8753ECA33763E8FAF763E1E
:10366000982B773EE3A7773E7124783E42A1783EBF
:10367000571E793EB09B793E4C197A3E2C977A3E84
:1036800050157B3EB9937B3E66127C3E58917C3E42
:103690008E107D3E0A907D3ECB0F7E3ED08F7E3ECB
:1036A0001C107F3EAD907F3EC208803E5149803E57
:1036B000028A803ED7CA803ECF0B813EEB4C813ED2
:1036C0002A8E813E8CCF813E1311823EBD52823EB6
:1036D0008A94823E7CD6823E9218833ECC5A833EA8
:1036E0002A9D833EACDF833E5322843E1E65843E8A
:1036F0000EA8843E22EB843E5B2E853EB971853E4A
:103700003DB5853EE5F8853EB23C863EA480863ECA
:10371000BCC4863EFA08873E5C4D873EE591873EF5
:1037200093D6873E671B883E6160883E81A5883EB0
:10373000C7EA883E3430893EC775893E80BB893EE2
:1037400060018A3E66478A3E938D8A3EE7D38A3E71
:10375000621A8B3E04618B3ECDA78B3EBDEE8B3E45
:10376000D5358C3E147D8C3E7BC48C3E0A0C8D3E40
:10377000C0538D3E9E9B8D3EA4E38D3ED22B8E3E4C
:1037800029748E3EA8BC8E3E4F058F3E1F4E8F3E45
:1037900017978F3E38E08F3E8229903EF572903E1B
:1037A00091BC903E5706913E4550913E5D9A913EA8
:1037B0009FE4913E0A2F923E9F79923E5EC4923ED4
:1037C000470F933E5A5A933E97A5933EFEF0933E81
:1037D000903C943E4D88943E34D4943E4620953E91
:1037E000836C953EEBB8953E7E05963E3D52963EE7
:1037F000279F963E3CEC963E7D39973EEA86973E63
:1038000083D4973E4722983E3870983E55BE983EE6
:103810009E0C993E145B993EB7A9993E86F8993E55
:1038200082479A3EAB969A3E02E69A3E85359B3E8B
:1038300036859B3E14D59B3E21259C3E5A759C3E69
:10384000C2C59C3E58169D3E1C679D3E0EB89D3ECF
:103850002E099E3E7E5A9E3EFBAB9E3EA8FD9E3E9E
:10386000844F9F3E8EA19F3EC8F39F3E3246A03EAE
:10387000CA98A03E93EBA03E8B3EA13EB391A13EE1
:103880000BE5A13E9338A23E4C8CA23E35E0A23E11
:103890004F34A33E9988A33E14DDA33EC131A43E1C
:1038A0009E86A43EADDBA43EED30A53E5F86A53EE0
:1038B00003DCA53ED831A63EE087A63E1ADEA63E32
:1038C0008634A73E248BA73EF5E1A73EF938A83EF3
:1038D0003090A83E9AE7A83E373FA93E0897A93EF8
:1038E0000CEFA93E4447AA3EB09FAA3E50F8AA3E1C
:1038F0002351AB3E2CAAAB3E6803AC3EDA5CAC3E37
:1039000080B6AC3E5B10AD3E6B6AAD3EB0C4AD3E22
:103910002B1FAE3EDB79AE3EC2D4AE3EDE2FAF3EB5
:10392000308BAF3EB8E6AF3E7742B03E6D9EB03EC4
:1039300099FAB03EFC56B13E96B3B13E6710B23E26
:10394000706DB23EB1CAB23E2928B33ED985B33EAE
:10395000C1E3B33EE241B43E3BA0B43ECCFEB43E34
:10396000975DB53E9ABCB53ED61BB63E4C7BB63E87
:10397000FCDAB63EE53AB73E089BB73E65FBB73E7C
:10398000FC5BB83ECEBCB83EDA1DB93E217FB93EE5
:10399000A3E0B93E6042BA3E59A4BA3E8D06BB3E92
:1039A000FD68BB3EA9CBBB3E912EBC3EB591BC3E53
:1039B00016F5BC3EB358BD3E8DBCBD3EA520BE3EF7
:1039C000F984BE3E8BE9BE3E5B4EBF3E69B3BF3E4F
:1039D000B518C03E3F7EC03E07E4C03E0E4AC13E21
:1039E00055B0C13EDA16C23E9E7DC23EA2E4C23E42
:1039F000E64BC33E69B3C33E2D1BC43E3183C43E78
:103A000076EBC43EFB53C53EC2BCC53EC925C63E8F
:103A1000128FC63E9DF8C63E6962C73E78CCC73E4F
:103A2000C836C83E5CA1C83E320CC93E4B77C93E81
:103A3000A7E2C93E464ECA3E2ABACA3E5126CB3EEE
:103A4000BC92CB3E6BFFCB3E5F6CCC3E98D9CC3E5C
:103A50001647CD3ED9B4CD3EE122CE3E3091CE3E8A
:103A6000C4FFCE3E9E6ECF3EBFDDCF3E274DD03E43
:103A7000D5BCD03ECB2CD13E089DD13E8C0DD23E44
:103A8000597ED23E6EEFD23ECB60D33E71D2D33E52
:103A90005F44D43E97B6D43E1929D53EE49BD53E2B
:103AA000F90ED63E5882D63E01F6D63EF669D73E8E
:103AB00035DED73EC052D83E96C7D83EB73CD93E39
:103AC00025B2D93EE027DA3EE79DDA3E3A14DB3EE6
:103AD000DB8ADB3EC901DC3E0579DC3E8FF0DC3E53
:103AE0006868DD3E8EE0DD3E0459DE3EC9D1DE3E33
:103AF000DD4ADF3E41C4DF3EF43DE03EF8B7E03E44
:103B00004D32E13EF2ACE13EE927E23E31A3E23E36
:103B1000CB1EE33EB79AE33EF516E43E8693E43EC1
:103B20006910E53EA18DE53E2B0BE63E0A89E63E97
:103B30003C07E73EC485E73EA004E83ED183E83E6B
:103B40005803E93E3483E93E6703EA3EF083EA3EE8
:103B5000CF04EB3E0686EB3E9507EC3E7B89EC3EC0
:103B6000B90BED3E4F8EED3E3F11EE3E8794EE3E9B
:103B70002918EF3E249CEF3E7A20F03E2AA5F03E25
:103B8000352AF13E9CAFF13E5D35F23E7BBBF23E05
:103B9000F541F33ECBC8F33EFE4FF43E8FD7F43EE3
:103BA0007E5FF53ECAE7F53E7570F63E7FF9F63E5C
:103BB000E782F73EB00CF83ED896F83E6121F93E18
:103BC0004AACF93E9437FA3E40C3FA3E4E4FFB3EB4
:103BD000BEDBFB3E9068FC3EC6F5FC3E5F83FD3ECF
:103BE0005B11FE3EBC9FFE3E822EFF3EADBDFF3E02
:103BF0009E26003F996E003FC8B6003F29FF003F58
:103C0000BE47013F8790013F84D9013FB522023F63
:103C10001A6C023FB4B5023F83FF023F8749033F5E
:103C2000C093033F2FDE033FD328043FAE73043F0E
:103C3000BEBE043F050A053F8355053F37A1053F3A
:103C400023ED053F4639063FA085063F32D2063FA9
:103C5000FD1E073FFF6B073F3AB9073FAE06083F1F
:103C60005B54083F41A2083F61F0083FBA3E093F5C
:103C70004D8D093F1BDC093F232B0A3F657A0A3F24
:103C8000E3C90A3F9C190B3F91690B3FC1B90B3F38
:103C90002D0A0C3FD65A0C3FBBAB0C3FDDFC0C3F52
:103CA0003C4E0D3FD99F0D3FB3F10D3FCB430E3F2F
:103CB00021960E3FB6E80E3F893B0F3F9C8E0F3F8B
:103CC000EEE10F3F7F35103F5089103F62DD103F1E
:103CD000B431113F4686113F1ADB113F2F30123F9E
:103CE0008685123F1FDB123FFA30133F1787133FC1
:103CF00078DD133F1B34143F028B143F2DE2143F39
:103D00009C39153F4F91153F48E9153F8541163FB6
:103D1000079A163FD0F2163FDE4B173F33A5173FE9
:103D2000CEFE173FB058183FDAB2183F4C0D193F7E
:103D30000568193F07C3193F521E1A3FE6791A3F1B
:103D4000C3D51A3FEA311B3F5B8E1B3F17EB1B3F6E
:103D50001D481C3F6FA51C3F0D031D3FF6601D3F16
:103D60002CBF1D3FAE1D1E3F7E7C1E3F9BDB1E3FBA
:103D7000063B1F3FBF9A1F3FC6FA1F3F1D5B203FF8
:103D8000C3BB203FB91C213FFF7D213F96DF213F70
:103D90007E41223FB7A3223F4206233F1F69233FB4
:103DA0004FCC233FD22F243FA893243FD3F7243F67
:103DB000515C253F25C1253F4D26263FCC8B263F14
:103DC000A0F1263FCB57273F4DBE273F2625283F52
:103DD000578C283FE1F3283FC35B293FFFC3293FAE
:103DE000942C2A3F84952A3FCEFE2A3F73682B3FAE
:103DF00074D22B3FD23C2C3F8BA72C3FA2122D3FDD
:103E0000177E2D3FE9E92D3F1B562E3FABC22E3FBB
:103E10009B2F2F3FEB9C2F3F9C0A303FAE78303FCB
:103E200022E7303FF855313F30C5313FCC34323F87
:103E3000CCA4323F3115333FFA85333F29F7333F66
:103E4000BE68343F47460C3A338A0C3A41CE0C3AAE
:103E50006F120D3ABE560D3A2E9B0D3AC0DF0D3A49
:103E600072240E3A46690E3A3CAE0E3A52F30E3ABE
:103E70008A380F3AE47D0F3A5FC30F3AFC08103AD4
:103E8000BA4E103A9A94103A9DDA103AC120113A7B
:103E90000767113A6FAD113AF9F3113AA53A123AA0
:103EA0007381123A64C8123A770F133AAD56133A37
:103EB000059E133A7FE5133A1C2D143ADC74143A2C
:103EC000BFBC143AC404153AED4C153A3895153A6E
:103ED000A6DD153A3726163AEC6E163AC3B7163AEF
:103EE000BE00173ADC49173A1E93173A83DC173A9B
:103EF0000C26183AB86F183A88B9183A7C03193A60
:103F0000934D193ACE97193A2EE2193AB12C1A3A32
:103F100058771A3A24C21A3A140D1B3A28581B3AF9
:103F200060A31B3ABDEE1B3A3E3A1C3AE4851C3AAC
:103F3000AFD11C3A9E1D1D3AB2691D3AEBB51D3A30
:103F400048021E3ACB4E1E3A739B1E3A40E81E3A78
:103F500032351F3A49821F3A86CF1F3AE81C203A71
:103F60006F6A203A1CB8203AEF05213AE753213A0C
:103F700005A2213A49F0213AB33E223A438D223A32
:103F8000F9DB223AD52A233AD779233AFFC8233AD4
:103F90004E18243AC367243A5EB7243A2107253ADB
:103FA0000957253A19A7253A4FF7253AAC47263A3B
:103FB0003098263ADBE8263AAD39273AA68A273ADE
:103FC000C7DB273A0E2D283A7D7E283A14D0283AAE
:103FD000D221293AB773293AC4C5293AF9172A3A9E
:103FE000566A2A3ADABC2A3A870F2B3A5C622B3A95
:103FF00058B52B3A7D082C3ACA5B2C3A40AF2C3A84
:10400000DE022D3AA4562D3A93AA2D3AAAFE2D3A55
:10401000EB522E3A54A72E3AE6FB2E3AA1502F3AF5
:1040200085A52F3A92FA2F3AC84F303A27A5303A51
:10403000B0FA303A6250313A3EA6313A44FC313A55
:104040007352323ACBA8323A4EFF323AFA55333AEB
:10405000D0AC333AD103343AFB5A343A50B2343A02
:10406000CF09353A7961353A4CB9353A4B11363A80
:104070007469363AC8C1363A461A373AEF72373A57
:10408000C3CB373AC324383AED7D383A43D7383A70
:10409000C330393A6F8A393A47E4393A4A3E3A3AB4
:1040A00079983A3AD3F23A3A594D3B3A0BA83B3A0F
:1040B000E9023C3AF25D3C3A28B93C3A8A143D3A6E
:1040C00019703D3AD3CB3D3ABA273E3ACE833E3AB9
:1040D0000EE03E3A7B3C3F3A14993F3ADAF53F3ADC
:1040E000CE52403AEEAF403A3B0D413AB66A413AC1
:1040F0005EC8413A3326423A3684423A66E2423A50
:10410000C440433A4F9F433A08FE433AEF5C443A77
:1041100004BC443A481B453AB97A453A58DA453A1C
:10412000263A463A229A463A4DFA463AA65A473A2B
:104130002EBB473AE41B483ACA7C483ADEDD483A8F
:10414000213F493A94A0493A35024A3A06644A3A2C
:1041500006C64A3A36284B3A958A4B3A24ED4B3AF2
:10416000E34F4C3AD1B24C3AEF154D3A3E794D3AC5
:10417000BCDC4D3A6B404E3A4AA44E3A59084F3A8D
:10418000986C4F3A09D14F3AA935503A7B9A503A38
:104190007DFF503AB164513A15CA513AAA2F523AAA
:1041A0007195523A69FB523A9261533AEDC7533ACC
:1041B000792E543A3795543A26FC543A4863553A86
:1041C0009BCA553A2132563AD899563AC201573AC3
:1041D000DE69573A2DD2573AAE3A583A61A3583A67
:1041E000480C593A6175593AADDE593A2C485A3A59
:1041F000DEB15A3AC31B5B3ADC855B3A28F05B3A86
:10420000A75A5C3A5AC55C3A41305D3A5B9B5D3ACD
:10421000AA065E3A2C725E3AE2DD5E3ACD495F3A1A
:10422000EBB55F3A3E22603AC68E603A82FB603A56
:104230007368613A98D5613AF242623A82B0623A62
:10424000461E633A3F8C633A6EFA633AD268643A28
:104250006CD7643A3B46653A3FB5653A7A24663A8C
:10426000EA93663A9003673A6D73673A7FE3673A79
:10427000C853683A47C4683AFD34693AE9A5693ACF
:104280000C176A3A66886A3AF6F96A3ABE6B6B3A74
:10429000BCDD6B3AF24F6C3A5FC26C3A04356D3A52
:1042A000E0A76D3AF41A6E3A3F8E6E3AC2016F3A49
:1042B0007D756F3A71E96F3A9C5D703A00D2703A41
:1042C0009C46713A70BB713A7D30723AC3A5723A1E
:1042D000411B733AF890733AE906743A127D743AC6
:1042E00075F3743A116A753AE6E0753AF557763A1D
:1042F0003ECF763AC046773A7DBE773A7336783A03
:10430000A3AE783A0E27793AB29F793A92187A3A60
:10431000AB917A3A000B7B3A8F847B3A59FE7B3A19
:104320005E787C3A9EF27C3A196D7D3AD0E77D3A10
:10433000C2627E3AEFDD7E3A58597F3AFDD47F3A29
:104340006F28803A7D66803AAAA4803AF4E2803AE7
:104350005D21813AE45F813A899E813A4DDD813A5F
:104360002F1C823A2F5B823A4E9A823A8BD9823A3C
:10437000E818833A6258833AFC97833AB4D7833A71
:104380008B17843A8157843A9697843ACAD7843AED
:104390001D18853A9058853A2199853AD2D9853A9F
:1043A000A21A863A925B863AA09C863ACFDD863A7C
:1043B0001D1F873A8A60873A18A2873AC5E3873A71
:1043C0009225883A7E67883A8BA9883AB7EB883A73
:1043D000042E893A7170893AFEB2893AABF5893A6E
:1043E00078388A3A667B8A3A74BE8A3AA3018B3A55
:1043F000F2448B3A62888B3AF2CB8B3AA30F8C3A19
:1044000075538C3A68978C3A7BDB8C3AB01F8D3AA7
:1044100006648D3A7CA88D3A14ED8D3ACD318E3AF2
:10442000A8768E3AA3BB8E3AC0008F3AFF458F3AEA
:104430005F8B8F3AE1D08F3A8416903A495C903A7C
:1044400030A2903A39E8903A632E913AB074913A9A
:104450001FBB913AAF01923A6248923A378F923A33
:104460002FD6923A491D933A8564933AE4AB933A36
:1044700065F3933A093B943ACF82943AB9CA943A95
:10448000C512953AF45A953A46A3953ABBEB953A3C
:104490005334963A0E7D963AEDC5963AEF0E973A1A
:1044A0001458973A5CA1973AC8EA973A5834983A20
:1044B0000B7E983AE2C7983ADC11993AFB5B993A3D
:1044C0003DA6993AA4F0993A2E3B9A3ADC859A3A5D
:1044D000AFD09A3AA61B9B3AC1669B3A00B29B3A70
:1044E00064FD9B3AED489C3A9A949C3A6BE09C3A66
:1044F000622C9D3A7D789D3ABDC49D3A22119E3A28
:10450000AC5D9E3A5AAA9E3A2FF79E3A28449F3AAB
:1045100046919F3A8ADE9F3AF42BA03A8279A03ADC
:1045200037C7A03A1115A13A1063A13A36B1A13AA2
:1045300081FFA13AF24DA23A8A9CA23A47EBA23AF5
:104540002A3AA33A3489A33A64D8A33ABA27A43AB8
:104550003677A43AD9C6A43AA316A53A9366A53AE3
:10456000AAB6A53AE806A63A4D57A63AD8A7A63A5B
:104570008BF8A63A6449A73A659AA73A8DEBA73A11
:10458000DD3CA83A538EA83AF1DFA83AB731A93AF0
:10459000A483A93AB9D5A93AF627AA3A5A7AAA3AE7
:1045A000E7CCAA3A9B1FAB3A7772AB3A7CC5AB3AE1
:1045B000A918AC3AFE6BAC3A7BBFAC3A2113AD3ACA
:1045C000EF66AD3AE6BAAD3A050FAE3A4D63AE3A94
:1045D000BEB7AE3A580CAF3A1B61AF3A07B6AF3A26
:1045E0001C0BB03A5B60B03AC2B5B03A530BB13A6B
:1045F0000D61B13AF1B6B13AFF0CB23A3663B23A54
:1046000096B9B23A2110B33AD666B33AB4BDB33ACA
:10461000BD14B43AF06BB43A4DC3B43AD41AB53AB7
:104620008672B53A62CAB53A6822B63A9A7AB63A0A
:10463000F6D2B63A7C2BB73A2E84B73A0BDDB73AAE
:104640001236B83A458FB83AA3E8B83A2C42B93A8C
:10465000E19BB93AC1F5B93ACC4FBA3A03AABA3A92
:104660006604BB3AF55EBB3AAFB9BB3A9514BC3AA7
:10467000A86FBC3AE6CABC3A5126BD3AE881BD3AB9
:10468000ABDDBD3A9B39BE3AB795BE3A00F2BE3AB1
:10469000754EBF3A18ABBF3AE707C03AE364C03A79
:1046A0000CC2C03A621FC13AE57CC13A96DAC13AFF
:1046B0007438C23A8096C23AB9F4C23A1F53C33A28
:1046C000B4B1C33A7610C43A666FC43A84CEC43AE1
:1046D000D02DC53A4A8DC53AF3ECC53AC94CC63A15
:1046E000CFACC63A020DC73A656DC73AF5CDC73AA9
:1046F000B52EC83AA48FC83AC1F0C83A0E52C93A8A
:1047000089B3C93A3415CA3A0E77CA3A18D9CA3A9F
:10471000513BCB3AB99DCB3A5100CC3A1963CC3AD4
:1047200011C6CC3A3929CD3A908CCD3A18F0CD3A11
:10473000D053CE3AB8B7CE3AD11BCF3A1A80CF3A3F
:1047400094E4CF3A3E49D03A19AED03A2513D13A43
:104750006278D13AD0DDD13A6F43D23A3FA9D23A0A
:10476000400FD33A7375D33AD7DBD33A6D42D43A7C
:1047700035A9D43A2E10D53A5A77D53AB7DED53A7C
:104780004646D63A07AED63AFB15D73A217ED73AF7
:1047900079E6D73A044FD83AC2B7D83AB220D93AD4
:1047A000D589D93A2BF3D93AB45CDA3A70C6DA3AF9
:1047B0005F30DB3A829ADB3AD804DC3A616FDC3A4C
:1047C0001EDADC3A0F45DD3A34B0DD3A8C1BDE3AB6
:1047D0001987DE3AD9F2DE3ACE5EDF3AF6CADF3A20
:1047E0005437E03AE6A3E03AAC10E13AA77DE13A6B
:1047F000D7EAE13A3B58E23AD5C5E23AA333E33A85
:10480000A7A1E33AE00FE43A4F7EE43AF3ECE43A4E
:10481000CC5BE53ADCCAE53A213AE63A9BA9E63AAE
:104820004C19E73A3389E73A50F9E73AA469E83A8C
:104830002EDAE83AEE4AE93AE5BBE93A122DEA3ACD
:10484000779EEA3A1210EB3AE481EB3AEEF3EB3A58
:104850002E66EC3AA6D8EC3A564BED3A3DBEED3A10
:104860005B31EE3AB1A4EE3A4018EF3A068CEF3ADB
:104870000400F03A3A74F03AA9E8F03A505DF13A9F
:104880002FD2F13A4747F23A98BCF23A2232F33A41
:10489000E4A7F33ADF1DF43A1494F43A820AF53AA5
:1048A0002981F53A0AF8F53A246FF63A78E6F63AAD
:1048B000065EF73ACDD5F73ACF4DF83A0AC6F83A40
:1048C000803EF93A31B7F93A1B30FA3A40A9FA3A40
:1048D000A022FB3A3B9CFB3A1016FC3A2190FC3A92
:1048E0006D0AFD3AF384FD3AB6FFFD3AB37AFE3A1B
:1048F000ECF5FE3A6171FF3A12EDFF3A7F34003B6E
:104900009372003BC6B0003B16EF003B852D013B88
:10491000126C013BBDAA013B86E9013B6E28023BBC
:104920007567023B99A6023BDDE5023B3F25033B51
:10493000C064033B5FA4033B1DE4033BFB23043B38
:10494000F763043B12A4043B4CE4043BA524053B61
:104950001E65053BB5A5053B6CE6053B4227063BBE
:104960003868063B4DA9063B82EA063BD62B073B3F
:10497000496D073BDDAE073B90F0073B6332083BD8
:104980005674083B69B6083B9CF8083BEF3A093B74
:10499000627D093BF5BF093BA8020A3B7C450A3B07
:1049A00070880A3B85CB0A3BBA0E0B3B0F520B3B80
:1049B00085950B3B1CD90B3BD41C0C3BAC600C3BD2
:1049C000A5A40C3BBFE80C3BFA2C0D3B57710D3BEB
:1049D000D4B50D3B72FA0D3B323F0E3B13840E3BB8
:1049E00015C90E3B390E0F3B7E530F3BE4980F3B2E
:1049F0006DDE0F3B1724103BE269103BD0AF103B3C
:104A0000DFF5103B103C113B6482113BD9C8113BD0
:104A1000700F123B2A56123B069D123B04E4123BD8
:104A2000242B133B6772133BCDB9133B5501143B49
:104A30000049143BCD90143BBDD8143BD020153B0E
:104A40000669153B5FB1153BDBF9153B7A42163B16
:104A50003C8B163B21D4163B2A1D173B5666173B51
:104A6000A6AF173B19F9173BAF42183B698C183BAF
:104A700047D6183B4920193B6E6A193BB8B4193B1D
:104A800025FF193BB7491A3B6C941A3B46DF1A3B8A
:104A9000442A1B3B66751B3BADC01B3B180C1C3BE3
:104AA000A7571C3B5BA31C3B34EF1C3B323B1D3B1D
:104AB00054871D3B9BD31D3B08201E3B996C1E3B1E
:104AC0004FB91E3B2A061F3B2B531F3B51A01F3BD8
:104AD0009CED1F3B0D3B203BA388203B5FD6203B3A
:104AE0004024213B4772213B74C0213BC70E223B2F
:104AF0003F5D223BDEAB223BA3FA223B8E49233BA8
:104B00009F98233BD6E7233B3437243BB886243B8E
:104B100063D6243B3426253B2C76253B4AC6253BD1
:104B20009016263BFC66263B8FB7263B4A08273B60
:104B30002B59273B33AA273B63FB273BBA4C283B27
:104B4000399E283BDEEF283BAC41293BA193293B12
:104B5000BEE5293B02382A3B6E8A2A3B03DD2A3B0D
:104B6000BF2F2B3BA3822B3BAFD52B3BE4282C3B09
:104B7000417C2C3BC6CF2C3B74232D3B4A772D3BED
:104B800049CB2D3B711F2E3BC1732E3B3AC82E3BA8
:104B9000DC1C2F3BA7712F3B9BC62F3BB81B303B28
:104BA000FE70303B6EC6303B071C313BCA71313B57
:104BB000B6C7313BCB1D323B0B74323B74CA323B20
:104BC0000721333BC377333BAACE333BBB25343B72
:104BD000F67C343B5CD4343BEB2B353BA583353B37
:104BE0008ADB353B9933363BD28B363B37E4363B59
:104BF000C63C373B8095373B65EE373B7547383BC6
:104C0000B1A0383B17FA383BA953393B66AD393B65
:104C10004F073A3B63613A3BA2BB3A3B0E163B3B24
:104C2000A5703B3B68CB3B3B57263C3B72813C3BF2
:104C3000B9DC3C3B2D383D3BCC933D3B98EF3D3BB5
:104C4000914B3E3BB6A73E3B08043F3B86603F3B53
:104C500031BD3F3B091A403B0E77403B40D4403BBF
:104C60009F31413B2B8F413BE5EC413BCC4A423BE2
:104C7000E0A8423B2207433B9265433B30C4433BA1
:104C8000FB22443BF481443B1BE1443B7040453BE9
:104C9000F49F453BA5FF453B855F463B93BF463BA5
:104CA000D01F473B3C80473BD6E0473B9F41483BBA
:104CB00097A2483BBD03493B1365493B98C6493B16
:104CC0004C284A3B308A4A3B43EC4A3B854E4B3B9F
:104CD000F7B04B3B99134C3B6A764C3B6BD94C3B42
:104CE0009C3C4D3BFE9F4D3B8F034E3B50674E3BE4
:104CF00042CB4E3B642F4F3BB7934F3B3AF84F3B71
:104D0000EE5C503BD3C1503BE926513B2F8C513BCD
:104D1000A7F1513B4F57523B29BD523B3523533BE3
:104D20007189533BDFEF533B7F56543B51BD543B9E
:104D30005424553B898B553BF0F2553B895A563BE1
:104D400055C2563B522A573B8292573BE5FA573B96
:104D50007A63583B41CC583B3B35593B699E593BA4
:104D6000C9075A3B5C715A3B22DB5A3B1C455B3BF3
:104D700048AF5B3BA8195C3B3C845C3B03EF5C3B6E
:104D8000FE595D3B2DC55D3B90305E3B279C5E3BF5
:104D9000F2075F3BF1735F3B24E05F3B8C4C603B71
:104DA00028B9603BF825613BFE92613B3800623BCD
:104DB000A76D623B4BDB623B2549633B33B7633BEB
:104DC0007725643BF093643B9F02653B8371653BB1
:104DD0009DE0653BEC4F663B72BF663B2E2F673B09
:104DE0001F9F673B470F683BA57F683B3AF0683BD6
:104DF0000561693B07D2693B3F436A3BAFB46A3BFD
:104E000055266B3B32986B3B470A6C3B927C6C3B64
:104E100015EF6C3BD0616D3BC2D46D3BEB476E3BF5
:104E20004DBB6E3BE62E6F3BB7A26F3BC116703B8E
:104E3000028B703B7CFF703B2E74713B19E9713B18
:104E40003C5E723B98D3723B2D49733BFBBE733B78
:104E50000235743B42AB743BBB21753B6E98753B8E
:104E60005A0F763B8086763BDFFD763B7975773B44
:104E70004CED773B5965783BA0DD783B2256793B7A
:104E8000DECE793BD4477A3B05C17A3B703A7B3B17
:104E900017B47B3BF82D7C3B15A87C3B6C227D3BFB
:104EA000FF9C7D3BCD177E3BD6927E3B1B0E7F3B0E
:104EB0009C897F3BAC02803BA940803BC37E803B0A
:104EC000FBBC803B52FB803BC639813B5978813B20
:104ED0000AB7813BDAF5813BC834823BD473823B0D
:104EE000FFB2823B49F2823BB131833B3871833B55
:104EF000DEB0833BA2F0833B8630843B8870843BEA
:104F0000A9B0843BEAF0843B4931853BC871853BBD
:104F100066B2853B23F3853BFF33863BFB74863BC0
:104F200017B6863B52F7863BAC38873B267A873BE1
:104F3000C0BB873B7AFD873B533F883B4C81883B16
:104F400066C3883B9F05893BF847893B728A893B4A
:104F50000CCD893BC50F8A3BA0528A3B9A958A3B70
:104F6000B5D88A3BF11B8B3B4D5F8B3BCAA28B3B79
:104F700067E68B3B252A8C3B046E8C3B04B28C3B52
:104F800025F68C3B663A8D3BC97E8D3B4DC38D3BF0
:104F9000F2078E3BB84C8E3BA0918E3BA9D68E3B40
:104FA000D31B8F3B1F618F3B8DA68F3B1CEC8F3B30
:104FB000CD31903B9F77903B93BD903BAA03913BB3
:104FC000E249913B3C90913BB8D6913B561D923BB8
:104FD0001764923BFAAA923BFFF1923B2639933B2E
:104FE0007080933BDDC7933B6C0F943B1D57943B04
:104FF000F29E943BE9E6943B032F953B4077953B2B
:10500000A0BF953B2308963BC950963B9299963B8F
:105010007FE2963B8F2B973BC274973B19BE973B21
:105020009307983B3151983BF29A983BD7E4983BD1
:10503000E02E993B0D79993B5DC3993BD20D9A3B8C
:105040006B589A3B28A39A3B09EE9A3B0E399B3B3F
:1050500038849B3B86CF9B3BF81A9C3B8F669C3BDE
:105060004BB29C3B2BFE9C3B304A9D3B5A969D3B52
:10507000A9E29D3B1C2F9E3BB57B9E3B73C89E3B8C
:1050800056159F3B5E629F3B8BAF9F3BDEFC9F3B79
:10509000574AA03BF497A03BB8E5A03BA133A13B06
:1050A000B081A13BE4CFA13B3F1EA23BBF6CA23B22
:1050B00065BBA23B320AA33B2559A33B3DA8A33BBA
:1050C0007DF7A33BE246A43B6E96A43B21E6A43BBE
:1050D000FA35A53BFA85A53B20D6A53B6E26A63B17
:1050E000E276A63B7DC7A63B3F18A73B2869A73BB6
:1050F00039BAA73B710BA83BD05CA83B56AEA83B86
:105100000400A93BDA51A93BD7A3A93BFCF5A93B75
:105110004848AA3BBD9AAA3B59EDAA3B1E40AB3B6F
:105120000A93AB3B1FE6AB3B5C39AC3BC18CAC3B61
:105130004EE0AC3B0434AD3BE387AD3BEADBAD3B3B
:105140001A30AE3B7384AE3BF4D8AE3B9F2DAF3BE1
:105150007282AF3B6ED7AF3B942CB03BE381B03B48
:105160005BD7B03BFD2CB13BC882B13BBCD8B13B57
:10517000DA2EB23B2285B23B94DBB23B2F32B33BFB
:10518000F588B33BE4DFB33BFE36B43B428EB43B21
:10519000B0E5B43B483DB53B0B95B53BF8ECB53BB2
:1051A0001045B63B539DB63BC0F5B63B584EB73B9A
:1051B0001BA7B73B0900B83B2259B83B66B2B83BC6
:1051C000D50BB93B7065B93B36BFB93B2819BA3B23
:1051D0004573BA3B8ECDBA3B0228BB3BA382BB3B97
:1051E0006FDDBB3B6738BC3B8B93BC3BDBEEBC3B12
:1051F000584ABD3B01A6BD3BD601BE3BD85DBE3B78
:1052000006BABE3B6116BF3BE872BF3B9DCFBF3BBA
:105210007E2CC03B8C89C03BC8E6C03B3044C13BC0
:10522000C6A1C13B89FFC13B7A5DC23B97BBC23B74
:10523000E319C33B5C78C33B03D7C33BD835C43BBE
:10524000DB94C43B0BF4C43B6A53C53BF7B2C53B8C
:10525000B212C63B9C72C63BB4D2C63BFB32C73BC4
:105260007093C73B14F4C73BE654C83BE8B5C83B52
:105270001917C93B7878C93B07DAC93BC53BCA3B1C
:10528000B39DCA3BCFFFCA3B1C62CB3B98C4CB3B10
:105290004327CC3B1F8ACC3B2AEDCC3B6550CD3B12
:1052A000D0B3CD3B6C17CE3B377BCE3B33DFCE3B11
:1052B0006043CF3BBDA7CF3B4A0CD03B0871D03BEE
:1052C000F7D5D03B173BD13B68A0D13BEA05D23B99
:1052D0009D6BD23B81D1D23B9737D33BDE9DD33BF5
:1052E0005704D43B016BD43BDDD1D43BEA38D53BEA
:1052F0002AA0D53B9C07D63B3F6FD63B15D7D63B64
:105300001E3FD73B58A7D73BC50FD83B6578D83B46
:1053100037E1D83B3C4AD93B74B3D93BDF1CDA3B7D
:105320007D86DA3B4EF0DA3B525ADB3B8AC4DB3BEC
:10533000F52EDC3B9499DC3B6604DD3B6C6FDD3B7A
:10534000A6DADD3B1446DE3BB5B1DE3B8B1DDF3B11
:105350009589DF3BD4F5DF3B4762E03BEECEE03B97
:10536000CA3BE13BDBA8E13B2016E23B9B83E23BEF
:105370004AF1E23B2F5FE33B48CDE33B973BE43B05
:105380001CAAE43BD618E53BC687E53BEBF6E53BBC
:105390004666E63BD7D5E63B9F45E73B9CB5E73BFA
:1053A000CF25E83B3996E83BD906E93BB077E93BA6
:1053B000BEE8E93B025AEA3B7DCBEA3B2F3DEB3BA3
:1053C00018AFEB3B3821EC3B9093EC3B1F06ED3BD9
:1053D000E578ED3BE3EBED3B195FEE3B86D2EE3B30
:1053E0002B46EF3B09BAEF3B1E2EF03B6CA2F03B85
:1053F000F216F13BB08BF13BA700F23BD775F23BC5
:105400003FEBF23BE060F33BBAD6F33BCE4CF43BD0
:105410001AC3F43BA039F53B5FB0F53B5727F63B89
:105420008A9EF63BF615F73B9B8DF73B7B05F83BD9
:10543000957DF83BE9F5F83B776EF93B40E7F93BA2
:105440004360FA3B80D9FA3BF952FB3BACCCFB3BC7
:105450009A46FC3BC3C0FC3B283BFD3BC7B5FD3B2C
:10546000A230FE3BB9ABFE3B0B27FF3B99A2FF3BB3
:10547000310F003C344D003C558B003C94C9003C3E
:10548000F107013C6C46013C0685013CBDC3013C73
:105490009402023C8841023C9B80023CCDBF023C0E
:1054A0001DFF023C8C3E033C1A7E033CC6BD033C00
:1054B00092FD033C7C3D043C857D043CADBD043C39
:1054C000F4FD043C5B3E053CE07E053C85BF053CAD
:1054D0004900063C2C41063C2F82063C52C3063C48
:1054E0009404073CF545073C7687073C17C9073C01
:1054F000D80A083CB84C083CB98E083CD9D0083CC6
:105500001913093C7A55093CFB97093C9BDA093C85
:105510005C1D0A3C3E600A3C40A30A3C62E60A3C31
:10552000A5290B3C086D0B3C8CB00B3C31F40B3CBB
:10553000F6370C3CDC7B0C3CE4BF0C3C0C040D3C13
:1055400055480D3CBF8C0D3C4AD10D3CF7150E3C27
:10555000C45A0E3CB49F0E3CC4E40E3CF6290F3CEA
:10556000496F0F3CBEB40F3C55FA0F3C0D40103C48
:10557000E785103CE3CB103C0112113C4158113C33
:10558000A39E113C27E5113CCD2B123C9572123C99
:105590007FB9123C8C00133CBB47133C0D8F133C6E
:1055A00082D6133C181E143CD265143CAEAD143C9C
:1055B000ADF5143CCF3D153C1486153C7CCE153C16
:1055C0000717163CB55F163C87A8163C7BF1163CC6
:1055D000933A173CCE83173C2DCD173CAF16183CA1
:1055E0005560183C1FAA183C0CF4183C1D3E193C91
:1055F0005288193CABD2193C281D1A3CC9671A3C89
:105600008EB21A3C77FD1A3C85481B3CB7931B3C75
:105610000DDF1B3C882A1C3C28761C3CECC11C3C42
:10562000D50D1D3CE2591D3C14A61D3C6CF21D3CE1
:10563000E83E1E3C898B1E3C50D81E3C3B251F3C3F
:105640004C721F3C82BF1F3CDE0C203C5F5A203C4A
:1056500005A8203CD1F5203CC343213CDB91213CF3
:1056600018E0213C7B2E223C057D223CB4CB223C21
:10567000891A233C8569233CA7B8233CEF07243CC7
:105680005D57243CF2A6243CAEF6243C9046253CD3
:105690009996253CC9E6253C1F37263C9C87263C2D
:1056A00041D8263C0C29273CFF79273C18CB273CC6
:1056B000591C283CC26D283C52BF283C0911293C8A
:1056C000E862293CEEB4293C1D072A3C73592A3C68
:1056D000F1AB2A3C96FE2A3C64512B3C5AA42B3C4D
:1056E00079F72B3CBF4A2C3C2E9E2C3CC5F12C3C20
:1056F00085452D3C6D992D3C7EED2D3CB7412E3CD2
:105700001A962E3CA5EA2E3C593F2F3C36942F3C4E
:105710003DE92F3C6C3E303CC593303C47E9303C82
:10572000F33E313CC894313CC6EA313CEF40323C58
:105730004097323CBCED323C6244333C329B333CBC
:105740002BF2333C4F49343C9DA0343C15F8343C9B
:10575000B84F353C85A7353C7DFF353C9F57363CDF
:10576000ECAF363C6308373C0661373CD3B9373C75
:10577000CC12383CEF6B383C3EC5383CB81E393C47
:105780005D78393C2ED2393C2A2C3A3C52863A3C40
:10579000A6E03A3C253B3B3CD0953B3CA7F03B3C4C
:1057A000AA4B3C3CD9A63C3C34023D3CBC5D3D3C54
:1057B00070B93D3C50153E3C5C713E3C96CD3E3C44
:1057C000FC293F3C8E863F3C4EE33F3C3B40403C07
:1057D000549D403C9BFA403C0E58413CAFB5413C87
:1057E0007E13423C7A71423CA3CF423CFA2D433CAB
:1057F0007F8C433C31EB433C114A443C1FA9443C61
:105800005C08453CC667453C5FC7453C2627463C8F
:105810001B87463C3FE7463C9147473C12A8473C24
:10582000C208483CA169483CAECA483CEB2B493C05
:10583000568D493CF1EE493CBB504A3CB4B24A3C1F
:10584000DD144B3C36774B3CBED94B3C763C4C3C54
:105850005D9F4C3C75024D3CBC654D3C34C94D3C94
:10586000DC2C4E3CB4904E3CBCF44E3CF5584F3CC6
:105870005FBD4F3CF921503CC386503CBFEB503CD0
:10588000EC50513C49B6513CD81B523C9781523C9C
:1058900089E7523CAB4D533CFFB3533C851A543C13
:1058A0003C81543C25E8543C3F4F553C8CB6553C1C
:1058B0000B1E563CBC85563C9FED563CB455573CA0
:1058C000FCBD573C7726583C238F583C03F8583C86
:1058D0001661593C5BCA593CD3335A3C7F9D5A3CB4
:1058E0005D075B3C6F715B3CB5DB5B3C2D465C3C14
:1058F000DAB05C3CBA1B5D3CCE865D3C15F25D3C8B
:10590000915D5E3C41C95E3C24355F3C3CA15F3CFF
:10591000890D603C0A7A603CBFE6603CA953613C5B
:10592000C8C0613C1C2E623CA59B623C6309633C81
:105930005677633C7EE5633CDB53643C6EC2643C5B
:105940003731653C35A0653C690F663CD37E663CCB
:1059500073EE663C495E673C55CE673C973E683CBB
:1059600010AF683CBF1F693CA590693CC2016A3C0E
:1059700015736A3C9FE46A3C60566B3C59C86B3CAB
:10598000883A6C3CEFAC6C3C8D1F6D3C63926D3C77
:1059900070056E3CB5786E3C32EC6E3CE75F6F3C58
:1059A000D4D36F3CF947703C57BC703CED30713C30
:1059B000BBA5713CC21A723C0190723C7905733CE4
:1059C0002B7B733C15F1733C3867743C95DD743C5C
:1059D0002B54753CFACA753C0342763C46B9763C7A
:1059E000C230773C78A8773C6820783C9398783C24
:1059F000F710793C9689793C6F027A3C837B7A3C3C
:105A0000D2F47A3C5B6E7B3C1FE87B3C1E627C3CA4
:105A100059DC7C3CCE567D3C7FD17D3C6B4C7E3C42
:105A200093C77E3CF6427F3C95BE7F3C381D803C50
:105A3000445B803C6D99803CB5D7803C1B16813C13
:105A40009F54813C4293813C02D2813CE110823CD4
:105A5000DF4F823CFB8E823C36CE823C8F0D833CF6
:105A6000074D833C9E8C833C54CC833C280C843C67
:105A70001B4C843C2E8C843C5FCC843CB00C853C1D
:105A80001F4D853CAE8D853C5CCE853C2A0F863C07
:105A90001750863C2391863C4FD2863C9A13873C14
:105AA0000555873C9096873C3BD8873C051A883C37
:105AB000EF5B883CF99D883C23E0883C6D22893C63
:105AC000D864893C62A7893C0DEA893CD82C8A3C81
:105AD000C36F8A3CCFB28A3CFBF58A3C48398B3C89
:105AE000B67C8B3C44C08B3CF3038C3CC2478C3C63
:105AF000B38B8C3CC4CF8C3CF6138D3C4A588D3C08
:105B0000BE9C8D3C54E18D3C0B268E3CE36A8E3C62
:105B1000DDAF8E3CF8F48E3C343A8F3C927F8F3C64
:105B200012C58F3CB30A903C7650903C5B96903CFB
:105B300061DC903C8A22913CD568913C41AF913C1C
:105B4000D0F5913C813C923C5483923C4ACA923CB1
:105B50006211933C9C58933CF99F933C79E7933CAA
:105B60001B2F943CDF76943CC7BE943CD206953CF8
:105B7000FF4E953C4F97953CC2DF953C5928963C8B
:105B80001371963CEFB9963CF002973C134C973C4E
:105B90005A95973CC5DE973C5328983C0472983C34
:105BA000DABB983CD305993CF04F993C319A993C2B
:105BB00096E4993C1F2F9A3CCC799A3C9DC49A3C20
:105BC000930F9B3CAD5A9B3CEBA59B3C4EF19B3C01
:105BD000D53C9C3C81889C3C51D49C3C46209D3CBF
:105BE000606C9D3C9FB89D3C03059E3C8C519E3C47
:105BF0003A9E9E3C0DEB9E3C05389F3C23859F3C86
:105C000066D29F3CCF1FA03C5D6DA03C10BBA03C6A
:105C1000E908A13CE856A13C0DA5A13C58F3A13CE4
:105C2000C841A23C5F90A23C1BDFA23CFE2DA33CDE
:105C3000077DA33C36CCA33C8C1BA43C086BA43C46
:105C4000ABBAA43C740AA53C645AA53C7BAAA53C0B
:105C5000B8FAA53C1C4BA63CA89BA63C5AECA63C1B
:105C6000343DA73C348EA73C5CDFA73CAB30A83C5E
:105C70002282A83CC0D3A83C8625A93C7377A93CC6
:105C800088C9A93CC51BAA3C296EAA3CB6C0AA3C3F
:105C90006A13AB3C4766AB3C4CB9AB3C790CAC3CB3
:105CA000CE5FAC3C4CB3AC3CF206AD3CC15AAD3C13
:105CB000B8AEAD3CD802AE3C2157AE3C93ABAE3C47
:105CC0002D00AF3CF154AF3CDEA9AF3CF3FEAF3C3E
:105CD0003354B03C9BA9B03C2DFFB03CE854B13CE0
:105CE000CDAAB13CDB00B23C1357B23C75ADB23C1F
:105CF0000104B33CB75AB33C97B1B33CA108B43CE0
:105D0000D55FB43C33B7B43CBC0EB53C6F66B53C14
:105D10004CBEB53C5516B63C876EB63CE5C6B63CA7
:105D20006E1FB73C2178B73CFFD0B73C092AB83C7E
:105D30003D83B83C9DDCB83C2836B93CDF8FB93C8C
:105D4000C1E9B93CCE43BA3C089EBA3C6DF8BA3CB6
:105D5000FE52BB3CBAADBB3CA308BC3CB863BC3CE8
:105D6000F9BEBC3C661ABD3CFF75BD3CC5D1BD3C0F
:105D7000B72DBE3CD689BE3C22E6BE3C9A42BF3C13
:105D80003F9FBF3C11FCBF3C1059C03C3CB6C03CDF
:105D90009613C13C1C71C13CD0CEC13CB12CC23C5D
:105DA000C08AC23CFDE8C23C6747C33CFFA5C33C78
:105DB000C404C43CB863C43CDAC2C43C2922C53C18
:105DC000A781C53C54E1C53C2E41C63C37A1C63C29
:105DD0006F01C73CD661C73C6BC2C73C2F23C83C90
:105DE0002184C83C43E5C83C9446C93C14A8C93C3E
:105DF000C309CA3CA26BCA3CB0CDCA3CEE2FCB3C17
:105E00005B92CB3CF8F4CB3CC557CC3CC2BACC3C03
:105E1000EF1DCD3C4C81CD3CD9E4CD3C9648CE3CE9
:105E200083ACCE3CA110CF3CF074CF3C6FD9CF3CBB
:105E30001F3ED03C00A3D03C1208D13C546DD13C55
:105E4000C8D2D13C6D38D23C439ED23C4B04D33CAB
:105E5000846AD33CEFD0D33C8B37D43C599ED43C9E
:105E60005905D53C8B6CD53CEFD3D53C853BD63C16
:105E70004DA3D63C480BD73C7573D73CD4DBD73CFD
:105E80006744D83C2BADD83C2316D93C4E7FD93C37
:105E9000ABE8D93C3C52DA3C00BCDA3CF725DB3CB1
:105EA0002190DB3C7FFADB3C1165DC3CD6CFDC3C4F
:105EB000CF3ADD3CFCA5DD3C5D11DE3CF27CDE3CF6
:105EC000BBE8DE3CB854DF3CEAC0DF3C502DE03C90
:105ED000EB99E03CBA06E13CBE73E13CF7E0E13C03
:105EE000654EE23C08BCE23CE129E33CEE97E33C32
:105EF0003106E43CA974E43C57E3E43C3B52E53C06
:105F000054C1E53CA430E63C29A0E63CE40FE73C64
:105F1000D67FE73CFEEFE73C5C60E83CF1D0E83C34
:105F2000BC41E93CBEB2E93CF723EA3C6795EA3C58
:105F30000D07EB3CEB78EB3C00EBEB3C4D5DEC3CB8
:105F4000D1CFEC3C8C42ED3C7FB5ED3CAA28EE3C39
:105F50000D9CEE3CA80FEF3C7A83EF3C85F7EF3CBD
:105F6000C86BF03C44E0F03CF854F13CE5C9F13C2E
:105F70000A3FF23C69B4F23C002AF33CD09FF33C68
:105F8000D915F43C1C8CF43C9802F53C4D79F53C59
:105F90003CF0F53C6567F63CC8DEF63C6456F73CE1
:105FA0003BCEF73C4B46F83C96BEF83C1B37F93CE1
:105FB000DBAFF93CD528FA3C0AA2FA3C7A1BFB3C41
:105FC0002595FB3C0A0FFC3C2B89FC3C8703FD3CE0
:105FD0001F7EFD3CF2F8FD3C0074FE3C4AEFFE3CA7
:105FE000D06AFF3C92E6FF3C4831003D656F003DC2
:105FF000A0AD003DFAEB003D712A013D0769013D6E
:10600000BCA7013D8EE6013D8025023D8F64023D27
:10601000BEA3023D0BE3023D7622033D0162033D38
:10602000AAA1033D73E1033D5A21043D6061043D93
:1060300085A1043DCAE1043D2D22053DB062053D28
:1060400052A3053D13E4053DF424063DF565063DE8
:1060500015A7063D54E8063DB329073D326B073DC1
:10606000D1AC073D8FEE073D6E30083D6C72083DA8
:106070008BB4083DC9F6083D2839093DA77B093D89
:1060800046BE093D05010A3DE5430A3DE6860A3D57
:1060900006CA0A3D480D0B3DAA500B3D2D940B3D01
:1060A000D0D70B3D951B0C3D7A5F0C3D80A30C3D7A
:1060B000A7E70C3DF02B0D3D59700D3DE4B40D3DAF
:1060C00090F90D3D5D3E0E3D4B830E3D5CC80E3D8F
:1060D0008D0D0F3DE0520F3D55980F3DECDD0F3D0E
:1060E000A423103D7E69103D7AAF103D99F5103D17
:1060F000D93B113D3B82113DBFC8113D660F123D9A
:106100002F56123D1A9D123D28E4123D582B133D87
:10611000AB72133D20BA133DB801143D7349143DD1
:106120005191143D51D9143D7521153DBB69153D63
:1061300025B2153DB2FA153D6243163D358C163D2C
:106140002CD5163D461E173D8367173DE4B0173D1D
:1061500069FA173D1244183DDE8D183DCED7183D23
:10616000E221193D1A6C193D76B6193DF6001A3D2B
:106170009A4B1A3D62961A3D4FE11A3D602C1B3D29
:1061800096771B3DF0C21B3D6F0E1C3D125A1C3D05
:10619000DBA51C3DC8F11C3DD93D1D3D108A1D3DB0
:1061A0006CD61D3DED221E3D936F1E3D5EBC1E3D17
:1061B0004F091F3D65561F3DA0A31F3D01F11F3D27
:1061C000873E203D338C203D05DA203DFD27213DD3
:1061D0001A76213D5EC4213DC712223D5761223D02
:1061E0000CB0223DE8FE223DEA4D233D139D233DA8
:1061F00062EC233DD83B243D748B243D37DB243DAA
:10620000202B253D317B253D68CB253DC61B263DFA
:106210004C6C263DF8BC263DCC0D273DC75E273D86
:10622000E9AF273D3301283DA452283D3DA4283D38
:10623000FDF5283DE547293DF599293D2DEC293D02
:106240008D3E2A3D14912A3DC4E32A3D9C362B3DC8
:106250009C892B3DC5DC2B3D16302C3D90832C3D7D
:1062600032D72C3DFC2A2D3DF07E2D3D0CD32D3D0B
:1062700051272E3DBF7B2E3D56D02E3D17252F3D5D
:10628000007A2F3D13CF2F3D4F24303DB479303D60
:1062900043CF303DFB24313DDE7A313DE9D0313D05
:1062A0001F27323D7F7D323D08D4323DBC2A333D2D
:1062B0009A81333DA2D8333DD42F343D3187343DCC
:1062C000B8DE343D6A36353D468E353D4DE6353DCA
:1062D0007F3E363DDC96363D64EF363D1748373D10
:1062E000F4A0373DFEF9373D3253383D92AC383D8E
:1062F0001D06393DD45F393DB6B9393DC4133A3D29
:10630000FE6D3A3D63C83A3DF5223B3DB37D3B3DD2
:106310009DD83B3DB3333C3DF58E3C3D64EA3C3D6E
:10632000FF453D3DC6A13D3DBBFD3D3DDC593E3DEC
:106330002AB63E3DA4123F3D4C6F3F3D21CC3F3D30
:106340002329403D5286403DAEE3403D3841413D2A
:10635000F09E413DD5FC413DE75A423D28B9423DC2
:106360009617433D3276433DFCD4433DF533443DDF
:106370001B93443D70F2443DF351453DA5B1453D6D
:106380008511463D9471463DD1D1463D3D32473D54
:10639000D992473DA3F3473D9C54483DC5B5483D80
:1063A0001D17493DA478493D5BDA493D413C4A3DD2
:1063B000569E4A3D9C004B3D11634B3DB7C54B3D3E
:1063C0008C284C3D918B4C3DC7EE4C3D2D524D3DA4
:1063D000C3B54D3D89194E3D817D4E3DA9E14E3DF0
:1063E00001464F3D8BAA4F3D450F503D3074503D07
:1063F0004DD9503D9B3E513D1AA4513DCA09523DD5
:10640000AC6F523DC0D5523D053C533D7CA2533D3F
:106410002509543D0070543D0DD7543D4C3E553D2B
:10642000BDA5553D610D563D3775563D40DD563D88
:106430007B45573DEAAD573D8B16583D5F7F583D34
:1064400066E8583DA051593D0DBB593DAE245A3D1B
:10645000828E5A3D8AF85A3DC5625B3D34CD5B3D24
:10646000D7375C3DAEA25C3DB90D5D3DF8785D3D32
:106470006BE45D3D12505E3DEEBB5E3DFF275F3D30
:1064800044945F3DBE00603D6D6D603D50DA603DFF
:106490006947613DB7B4613D3A22623DF38F623D89
:1064A000E1FD623D046C633D5DDA633DEC48643DB3
:1064B000B1B7643DAC26653DDC95653D4305663D61
:1064C000E174663DB4E4663DBF54673DFFC4673D7B
:1064D0007735683D25A6683D0A17693D2788693DDF
:1064E0007AF9693D046B6A3DC6DC6A3DC04E6B3D7E
:1064F000F1C06B3D59336C3DF9A56C3DD2186D3D33
:10650000E28B6D3D2AFF6D3DAB726E3D63E66E3DE5
:10651000555A6F3D7ECE6F3DE142703D7CB7703D78
:10652000502C713D5DA1713DA316723D228C723DD0
:10653000DA01733DCC77733DF7ED733D5C64743DD8
:10654000FBDA743DD451753DE6C8753D3340763D68
:10655000BAB7763D7B2F773D76A7773DAC1F783D68
:106560001D98783DC810793DAF89793DD0027A3DBC
:106570002C7C7A3DC4F57A3D976F7B3DA5E97B3D48
:10658000EF637C3D74DE7C3D36597D3D33D47D3DEB
:106590006C4F7E3DE1CA7E3D93467F3D81C27F3D8B
:1065A000561F803D895D803DDB9B803D4BDA803D01
:1065B000DA18813D8757813D5396813D3ED5813D17
:1065C0004714823D6F53823DB692823D1BD2823D7D
:1065D000A011833D4451833D0691833DE8D0833D26
:1065E000E910843D0A51843D4991843DA8D1843D00
:1065F0002712853DC552853D8293853D5FD4853DFB
:106600005C15863D7856863DB597863D11D9863D09
:106610008D1A873D295C873DE59D873DC1DF873D1C
:10662000BE21883DDA63883D17A6883D74E8883D21
:10663000F22A893D906D893D4FB0893D2EF3893D09
:106640002E368A3D4F798A3D91BC8A3DF3FF8A3DC3
:1066500076438B3D1B878B3DE0CA8B3DC70E8C3D3F
:10666000CE528C3DF7968C3D42DB8C3DAD1F8D3D6F
:106670003A648D3DE9A88D3DB9ED8D3DAB328E3D3F
:10668000BF778E3DF4BC8E3D4B028F3DC4478F3D9E
:106690005F8D8F3D1CD38F3DFB18903DFC5E903D80
:1066A00020A5903D66EB903DCE31913D5978913DCE
:1066B00006BF913DD605923DC84C923DDD93923D7B
:1066C00015DB923D6F22933DED69933D8EB1933D75
:1066D00051F9933D3841943D4289943D6FD1943DA9
:1066E000BF19953D3362953DCBAA953D85F3953D08
:1066F000643C963D6685963D8CCE963DD517973D7C
:106700004361973DD4AA973D8AF4973D633E983DF7
:106710006188983D83D2983DC91C993D3467993D65
:10672000C3B1993D76FC993D4E479A3D4B929A3DB7
:106730006CDD9A3DB3289B3D1E749B3DAEBF9B3DD7
:10674000630B9C3D3D579C3D3CA39C3D61EF9C3DB4
:10675000AB3B9D3D1A889D3DAFD49D3D69219E3D3B
:10676000496E9E3D4EBB9E3D79089F3DCA559F3D5B
:1067700041A39F3DDEF09F3DA13EA03D8A8CA03D00
:1067800099DAA03DCF28A13D2B77A13DADC5A13D14
:106790005614A23D2563A23D1BB2A23D3701A33D85
:1067A0007B50A33DE59FA33D76EFA33D2F3FA43D46
:1067B0000E8FA43D15DFA43D422FA53D987FA53D3A
:1067C00014D0A53DB820A63D8471A63D77C2A63D54
:1067D0009213A73DD564A73D3FB6A73DD207A83D7C
:1067E0008C59A83D6FABA83D7AFDA83DAD4FA93DA2
:1067F00008A2A93D8CF4A93D3947AA3D0E9AAA3DAD
:106800000BEDAA3D3240AB3D8193AB3DF9E6AB3D8C
:106810009A3AAC3D658EAC3D58E2AC3D7436AD3D28
:10682000BA8AAD3D2ADFAD3DC233AE3D8588AE3D6F
:1068300071DDAE3D8632AF3DC687AF3D2FDDAF3D4A
:10684000C232B03D8088B03D67DEB03D7934B13DA5
:10685000B58AB13D1BE1B13DAC37B23D688EB23D6A
:106860004EE5B23D5E3CB33D9A93B33D00EBB33D84
:106870009242B43D4E9AB43D36F2B43D494AB53DDC
:1068800087A2B53DF0FAB53D8653B63D46ACB63D60
:106890003205B73D4A5EB73D8EB7B73DFE10B83DF5
:1068A0009A6AB83D62C4B83D561EB93D7678B93D86
:1068B000C3D2B93D3C2DBA3DE287BA3DB4E2BA3D00
:1068C000B33DBB3DDF98BB3D37F4BB3DBD4FBC3D49
:1068D00070ABBC3D4F07BD3D5C63BD3D97BFBD3D4B
:1068E000FF1BBE3D9478BE3D57D5BE3D4832BF3DEF
:1068F000668FBF3DB3ECBF3D2D4AC03DD5A7C03D1F
:10690000AC05C13DB063C13DE4C1C13D4520C23DC0
:10691000D57EC23D94DDC23D813CC33D9D9BC33DC0
:10692000E8FAC33D625AC43D0BBAC43DE419C53D03
:10693000EB79C53D22DAC53D893AC63D1E9BC63D71
:10694000E4FBC63DD95CC73DFEBDC73D541FC83DF5
:10695000D980C83D8EE2C83D7344C93D89A6C93D72
:10696000CF08CA3D466BCA3DEDCDCA3DC530CB3DD3
:10697000CE93CB3D08F7CB3D735ACC3D0EBECC3DFC
:10698000DB21CD3DDA85CD3D09EACD3D6A4ECE3DD8
:10699000FDB2CE3DC217CF3DB87CCF3DE0E1CF3D4B
:1069A0003A47D03DC6ACD03D8512D13D7578D13D3A
:1069B00098DED13DEE44D23D76ABD23D3112D33D8F
:1069C0001F79D33D3FE0D33D9347D43D19AFD43D2C
:1069D000D316D53DC07ED53DE1E6D53D354FD63DFC
:1069E000BDB7D63D7820D73D6889D73D8BF2D73DDE
:1069F000E25BD83D6DC5D83D2D2FD93D2199D93DBC
:106A00004903DA3DA76DDA3D38D8DA3DFF42DB3D78
:106A1000FAADDB3D2A19DC3D9084DC3D2AF0DC3DFB
:106A2000FA5BDD3D00C8DD3D3B34DE3DABA0DE3D25
:106A3000520DDF3D2E7ADF3D40E7DF3D8854E03DDB
:106A400006C2E03DBB2FE13DA69DE13DC80BE23D06
:106A5000207AE23DAFE8E23D7557E33D71C6E33D84
:106A6000A535E43D10A5E43DB214E53D8C84E53D3B
:106A70009DF4E53DE664E63D66D5E63D1F46E73D0F
:106A80000FB7E73D3828E83D9899E83D310BE93DDF
:106A9000037DE93D0DEFE93D4F61EA3DCBD3EA3D92
:106AA0007F46EB3D6CB9EB3D922CEC3DF29FEC3D0B
:106AB0008B13ED3D5D87ED3D69FBED3DAF6FEE3D29
:106AC0002FE4EE3DE858EF3DDCCDEF3D0943F03DCE
:106AD00071B8F03D142EF13DF1A3F13D081AF23DDD
:106AE0005B90F23DE806F33DB07DF33DB4F4F33D39
:106AF000F36BF43D6DE3F43D225BF53D13D3F53DBF
:106B0000404BF63DA9C3F63D4E3CF73D2FB5F73D52
:106B10004C2EF83DA5A7F83D3B21F93D0E9BF93DD4
:106B20001D15FA3D6A8FFA3DF309FB3DB984FB3D23
:106B3000BDFFFB3DFE7AFC3D7CF6FC3D3872FD3D21
:106B400032EEFD3D696AFE3DDFE6FE3D9363FF3DAB
:106B500085E0FF3DDA2E003E926D003E69AC003EBE
:106B60005FEB003E742A013EA969013EFEA8013E8A
:106B700072E8013E0628023EBA67023E8EA7023E38
:106B800082E7023E9527033EC967033E1CA8033EE9
:106B900090E8033E2429043ED969043EADAA043E90
:106BA000A3EB043EB82C053EEF6D053E46AF053E17
:106BB000BDF0053E5632063E0F74063EE9B5063E70
:106BC000E4F7063E013A073E3E7C073E9DBE073E87
:106BD0001C01083EBE43083E8086083E64C9083E4C
:106BE0006A0C093E914F093EDA92093E44D6093EAD
:106BF000D1190A3E7F5D0A3E4FA10A3E42E50A3E98
:106C000056290B3E8D6D0B3EE6B10B3E61F60B3EF9
:106C1000FE3A0C3EBE7F0C3EA1C40C3EA6090D3EC2
:106C2000CE4E0D3E18940D3E86D90D3E161F0E3EDB
:106C3000C9640E3EA0AA0E3E99F00E3EB6360F3E37
:106C4000F67C0F3E59C30F3EE009103E8A50103EBD
:106C50005897103E49DE103E5E25113E976C113E5E
:106C6000F4B3113E75FB113E1A43123EE38A123E05
:106C7000D0D2123EE11A133E1663133E70AB133EA0
:106C8000EFF3133E923C143E5A85143E46CE143E1A
:106C90005717153E8D60153EE9A9153E69F3153E5F
:106CA0000E3D163ED886163EC8D0163EDD1A173E5B
:106CB0001765173E77AF173EFCF9173EA844183EFC
:106CC000788F183E6FDA183E8C25193ECE70193E2B
:106CD00037BC193EC6071A3E7B531A3E569F1A3ED2
:106CE00058EB1A3E80371B3ECF831B3E45D01B3EE0
:106CF000E11C1C3EA4691C3E8EB61C3E9E031D3E3C
:106D0000D6501D3E359E1D3EBCEB1D3E69391E3ED4
:106D10003E871E3E3BD51E3E5F231F3EAA711F3E8F
:106D20001EC01F3EB90E203E7C5D203E67AC203E5B
:106D30007AFB203EB64A213E1A9A213EA6E9213E20
:106D40005A39223E3789223E3CD9223E6B29233EC6
:106D5000C279233E42CA233EEA1A243EBC6B243E3B
:106D6000B7BC243EDC0D253E295F253EA0B0253E64
:106D70004102263E0B54263EFFA5263E1CF8263E29
:106D8000634A273ED59C273E70EF273E3642283E79
:106D90002595283E3FE8283E843B293EF38E293E38
:106DA0008CE2293E51362A3E408A2A3E5ADE2A3E4D
:106DB0009E322B3E0E872B3EAADB2B3E70302C3EA4
:106DC00062852C3E7FDA2C3EC82F2D3E3C852D3E21
:106DD000DCDA2D3EA8302E3EA0862E3EC4DC2E3EB0
:106DE00014332F3E90892F3E38E02F3E0D37303E32
:106DF0000F8E303E3DE5303E983C313E1F94313E93
:106E0000D4EB313EB543323EC49B323E00F4323EB9
:106E1000694C333EFFA4333EC3FD333EB556343E8A
:106E2000D5AF343E2209353E9D62353E46BC353EE7
:106E30001D16363E2370363E57CA363EB924373EBD
:106E40004A7F373E09DA373EF734383E1490383EF1
:106E500060EB383EDC46393E86A2393E5FFE393E65
:106E6000685A3A3EA1B63A3E09133B3EA06F3B3EFC
:106E700068CC3B3E5F293C3E87863C3EDEE33C3EA1
:106E800066413D3E1E9F3D3E07FD3D3E205B3E3E32
:106E90006AB93E3EE5173F3E90763F3E6DD53F3E98
:106EA0007A34403EB993403E2AF3403ECB52413EB5
:106EB0009FB2413EA412423EDA72423E43D3423E6A
:106EC000DE33433EAB94433EAAF5433EDB56443E9D
:106ED0003FB8443ED619453E9F7B453E9BDD453E2F
:106EE000CB3F463E2DA2463EC204473E8B67473EFF
:106EF00087CA473EB62D483E1A91483EB1F4483EF7
:106F00007C58493E7BBC493EAE204A3E15854A3EF0
:106F1000B1E94A3E814E4B3E86B34B3EBF184C3ED4
:106F20002E7E4C3ED1E34C3EAA494D3EB7AF4D3E7E
:106F3000FA154E3E737C4E3E21E34E3E054A4F3ECF
:106F40001FB14F3E6F18503EF47F503EB1E7503EA8
:106F5000A34F513ECCB7513E2B20523EC288523EE9
:106F60008FF1523E935A533ECEC3533E412D543E71
:106F7000EB96543ECC00553EE56A553E36D5553E1F
:106F8000BF3F563E80AA563E7915573EAA80573ECF
:106F900014EC573EB657583E91C3583EA52F593E64
:106FA000F29B593E78085A3E37755A3E30E25A3EB7
:106FB000624F5B3ECEBC5B3E732A5C3E53985C3EA8
:106FC0006C065D3EC0745D3E4EE35D3E17525E3E14
:106FD0001AC15E3E58305F3ED19F5F3E850F603ED6
:106FE000747F603E9EEF603E0460613EA6D0613ECD
:106FF0008341623E9DB2623EF223633E8495633ECE
:107000005107643E5C79643EA3EB643E275E653EB7
:10701000E7D0653EE543663E20B7663E982A673E68
:107020004E9E673E4212683E7386683EE3FA683EB3
:10703000906F693E7CE4693EA6596A3E0FCF6A3E76
:10704000B6446B3E9DBA6B3EC2306C3E27A76C3E89
:10705000CB1D6D3EAE946D3ED20B6E3E35836E3EC3
:10706000D7FA6E3EBB726F3EDEEA6F3E4263703E01
:10707000E6DB703ECC54713EF2CD713E5947723E14
:1070800001C1723EEB3A733E17B5733E842F743ED6
:1070900033AA743E2525753E58A0753ECE1B763E1C
:1070A0008697763E8213773EC08F773E410C783EBE
:1070B0000589783E0D06793E5883793EE7007A3E91
:1070C000BA7E7A3ED1FC7A3E2D7B7B3ECDF97B3E6B
:1070D000B1787C3EDAF77C3E48777D3EFBF67D3E1C
:1070E000F4767E3E32F77E3EB6777F3E7FF87F3E77
:1070F000C73C803E727D803E40BE803E31FF803E78
:107100004640813E7E81813EDAC2813E5904823E04
:10711000FC45823EC387823EAEC9823EBC0B833EA5
:10712000EF4D833E4690833EC1D2833E6115843E3F
:107130002558843E0E9B843E1BDE843E4D21853EB9
:10714000A464853E20A8853EC1EB853E872F863E00
:107150007273863E83B7863EB9FB863E1540873EF6
:107160009684873E3DC9873E090E883EFC52883E84
:107170001598883E54DD883EB922893E4468893E90
:10718000F6AD893ECEF3893ECD398A3EF27F8A3E06
:107190003FC68A3EB20C8B3E4C538B3E0E9A8B3EC2
:1071A000F7E08B3E07288C3E3E6F8C3E9DB68C3EB2
:1071B00024FE8C3ED3458D3EA98D8D3EA7D58D3EB8
:1071C000CE1D8E3E1D668E3E94AE8E3E33F78E3EB5
:1071D000FB3F8F3EEB888F3E05D28F3E471B903E94
:1071E000B264903E46AE903E03F8903EEA41913E36
:1071F000FA8B913E33D6913E9620923E236B923E7F
:10720000DAB5923EBB00933EC54B933EFA96933E51
:107210005AE2933EE32D943E9879943E77C5943E8E
:107220008011953EB55D953E15AA953E9FF6953E1B
:107230005643963E3790963E44DD963E7C2A973ED6
:10724000E177973E71C5973E2D13983E1561983EA4
:1072500029AF983E6AFD983ED84B993E719A993E67
:1072600038E9993E2B389A3E4C879A3E99D69A3EF9
:1072700014269B3EBC759B3E92C59B3E95159C3E3D
:10728000C6659C3E25B69C3EB1069D3E6C579D3E14
:1072900056A89D3E6DF99D3EB34A9E3E289C9E3E5B
:1072A000CCED9E3E9E3F9F3EA0919F3ED0E39F3EF1
:1072B0003036A03EC088A03E7FDBA03E6E2EA13EB1
:1072C0008D81A13EDBD4A13E5A28A23E0A7CA23E7B
:1072D000E9CFA23EF923A33E3A78A33EACCCA33E2D
:1072E0004F21A43E2376A43E28CBA43E5F20A53E9A
:1072F000C775A53E61CBA53E2D21A63E2B77A63EA8
:107300005BCDA63EBD23A73E527AA73E19D1A73E2C
:107310001328A83E407FA83EA0D6A83E342EA93E02
:10732000FA85A93EF4DDA93E2236AA3E848EAA3E05
:1073300019E7AA3EE33FAB3EE198AB3E14F2AB3E09
:107340007B4BAC3E16A5AC3EE7FEAC3EED58AD3EE9
:1073500028B3AD3E990DAE3E3F68AE3E1AC3AE3E79
:107360002C1EAF3E7479AF3EF2D4AF3EA630B03E95
:10737000918CB03EB2E8B03E0B45B13E9AA1B13E11
:1073800061FEB13E5F5BB23E94B8B23E0216B33EC0
:10739000A773B33E84D1B33E9A2FB43EE88DB43E7A
:1073A0006EECB43E2E4BB53E26AAB53E5709B63E0E
:1073B000C268B63E66C8B63E4428B73E5C88B73E53
:1073C000AEE8B73E3A49B83E00AAB83E010BB93E16
:1073D0003D6CB93EB3CDB93E652FBA3E5291BA3E2F
:1073E0007AF3BA3EDF55BB3E7FB8BB3E5B1BBC3E6B
:1073F000747EBC3EC9E1BC3E5A45BD3E29A9BD3E96
:10740000340DBE3E7D71BE3E03D6BE3EC73ABF3E82
:10741000C99FBF3E0805C03E866AC03E43D0C03EFD
:107420003E36C13E789CC13EF002C23EA969C23ED2
:10743000A0D0C23ED837C33E4F9FC33E0607C43ECE
:10744000FE6EC43E36D7C43EAE3FC53E68A8C53EBC
:107450006311C63E9F7AC63E1DE4C63EDD4DC73E63
:10746000DEB7C73E2222C83EA98CC83E72F7C83E8E
:107470007E62C93ECDCDC93E5F39CA3E35A5CA3E02
:107480004F11CB3EAD7DCB3E4FEACB3E3657CC3E87
:1074900061C4CC3ED231CD3E879FCD3E820DCE3EE3
:1074A000C37BCE3E4AEACE3E1659CF3E2AC8CF3ED7
:1074B0008337D03E24A7D03E0C17D13E3B87D13E28
:1074C000B2F7D13E7068D23E77D9D23EC64AD33E9B
:1074D0005EBCD33E3E2ED43E68A0D43EDB12D53EE9
:1074E0009885D53E9EF8D53EEF6BD63E8ADFD63ED8
:1074F0007053D73EA1C7D73E1D3CD83EE4B0D83E1E
:10750000F725D93E579BD93E0211DA3EFA86DA3E7C
:107510003FFDDA3ED173DB3EB0EADB3EDD61DC3EAF
:1075200058D9DC3E2151DD3E38C9DD3E9E41DE3E6C
:1075300054BADE3E5833DF3EADACDF3E5126E03E6E
:1075400045A0E03E8A1AE13E2095E13E0710E23E6A
:107550003F8BE23EC906E33EA582E33ED3FEE33E17
:10756000547BE43E27F8E43E4E75E53EC9F2E53E25
:107570009770E63EB9EEE63E306DE73EFCEBE73E47
:107580001C6BE83E92EAE83E5E6AE93E80EAE93E2C
:10759000F86AEA3EC7EBEA3EED6CEB3E6AEEEB3E84
:1075A0003F70EC3E6CF2EC3EF274ED3ED0F7ED3EF7
:1075B000077BEE3E97FEEE3E8282EF3EC606F03E31
:1075C000648BF03E5E10F13EB295F13E621BF23EDE
:1075D0006EA1F23ED627F33E9AAEF33EBC35F43EA2
:1075E0003ABDF43E1645F53E50CDF53EE955F63E22
:1075F000E0DEF63E3768F73EECF1F73E027CF83EFF
:107600007806F93E4E91F93E861CFA3E1FA8FA3ED6
:107610001934FB3E76C0FB3E364DFC3E58DAFC3E4C
:10762000DD67FD3EC7F5FD3E1484FE3EC612FF3EFB
:10763000DDA1FF3EAD18003F9E60003FC2A8003FA5
:107640001AF1003FA539013F6382013F56CB013F4C
:107650007D14023FD85D023F68A7023F2DF1023F33
:10766000263B033F5585033FB9CF033F531A043FE1
:107670002365043F29B0043F66FB043FD946053F1C
:107680008292053F63DE053F7B2A063FCB76063FAD
:1076900053C3063F1210073F0A5D073F3AAA073F50
:1076A000A2F7073F4445083F1F93083F34E1083FD6
:1076B000822F093F0A7E093FCCCC093FC81B0A3FF5
:1076C000006B0A3F72BA0A3F200A0B3F085A0B3F71
:1076D0002DAA0B3F8EFA0B3F2B4B0C3F049C0C3F0B
:1076E0001AED0C3F6E3E0D3FFE8F0D3FCCE10D3F7E
:1076F000D8330E3F22860E3FABD80E3F722B0F3F82
:10770000787E0F3FBED10F3F4325103F0879103FD1
:107710000DCD103F5221113FD975113FA0CA113F25
:10772000A81F123FF274123F7ECA123F4C20133F33
:107730005D76133FB0CC133F4623143F207A143FAD
:107740003ED1143FA028153F4680153F31D8153F44
:107750006030163FD588163F90E1163F913A173FAB
:10776000D893173F65ED173F3A47183F56A1183F8A
:10777000BAFB183F6556193F59B1193F960C1A3F8D
:107780001B681A3FEAC31A3F03201B3F667C1B3F5E
:1077900013D91B3F0B361C3F4E931C3FDDF01C3FA3
:1077A000B74E1D3FDEAC1D3F520B1E3F126A1E3FFF
:1077B00020C91E3F7C281F3F26881F3F1EE81F3F11
:1077C0006648203FFCA8203FE309213F196B213F79
:1077D000A0CC213F782E223FA290223F1DF3223FD2
:1077E000EA55233F0AB9233F7D1C243F4380243FB1
:1077F0005DE4243FCB48253F8EAD253FA612263FB2
:107800001478263FD7DD263FF143273F62AA273F62
:107810002B11283F4B78283FC3DF283F9447293F4F
:10782000BEAF293F42182A3F20812A3F59EA2A3F0A
:10783000ED532B3FDCBD2B3F27282C3FCF922C3F15
:10784000D4FD2C3F36692D3FF6D42D3F15412E3FF8
:1078500093AD2E3F701A2F3FAE872F3F4CF52F3F31
:107860004B63303FACD1303F6E40313F94AF313F3E
:107870001D1F323F098F323F5AFF323F1070333F96
:107880002BE1333FAC52343F94C4343FE336353FB1
:1078900099A9353FB81C363F4090363F3104373FF9
:1078A0008C78373F52ED373F8362383F20D8383FDE
:1078B0002A4E393FA0C4393F853B3A3FD7B23A3FC1
:1078C000992A3B3FCAA23B3F6C1B3C3F7E943C3F06
:1078D000020E3D3FF8873D3F61023E3F3E7D3E3F09
:1078E0008EF83E3F54743F3F90F03F3F416D403F24
:1078F0006AEA403F0A68413F23E6413FB564423FA0
:10790000C1E3423F4763433F49E3433FC663443FCC
:10791000C1E4443F3966453F2FE8453FA56A463FED
:107920009AED463F1071473F07F5473F8179483F41
:107930007DFE483FFE83493F030A4A3F8D904A3F00
:107940009E174B3F369F4B3F56274C3FFFAF4C3F58
:1079500032394D3FEFC24D3F374D4E3F0CD84E3F71
:107960006E634F3F5EEF4F3FDD7B503FEC08513F72
:107970008B96513FBD24523F81B3523FD942533F72
:10798000C6D2533F4863543F60F4543F1186553F7D
:107990005918563F3BAB563FB83E573FD0D2573FA2
:1079A0008567583FD8FC583FC992593F5A295A3FDA
:1079B0008BC05A3F5F585B3FD5F05B3FF0895C3F1F
:1079C000B0235D3F16BE5D3F23595E3FD9F45E3F55
:1079D00038915F3F432E603FF9CB603F5D6A613F66
:1079E0006F09623F31A9623FA449633FC8EA633F20
:1079F000A08C643F2D2F653F6FD2653F6976663F4F
:107A00001B1B673F86C0673FAD66683F900D693FAF
:107A100031B5693F915D6A3FB1066B3F93B06B3FF3
:107A2000385B6C3FA2066D3FD2B26D3FCA5F6E3FBE
:107A30008A0D6F3F15BC6F3F6C6B703F901B713FA1
:107A400083CC713F477E723FDD30733F46E4733F26
:107A50008498743F9A4D753F8703763F4FBA763FBF
:107A6000F271773F732A783FD2E3783F129E793FD5
:107A700035597A3F3C157B3F28D27B3FFD8F7C3FB9
:107A8000BB4E7D3F640E7E3FFACE7E3F80907F3FAF
:107A90007B29803F2F8B803F5EED803F0850813FE8
:107AA0002EB3813FD216823FF47A823F95DF823F28
:107AB000B644833F59AA833F7E10843F2777843F93
:107AC00054DE843F0646853F3FAE853F0017863F24
:107AD0004A80863F1EEA863F7D54873F68BF873FC6
:107AE000E12A883FE896883F8003893FA870893F54
:107AF00063DE893FB14C8A3F94BB8A3F0D2B8B3F9D
:107B00001D9B8B3FC60B8C3F097D8C3FE7EE8C3F66
:107B100062618D3F7AD48D3F32488E3F8BBC8E3F61
:107B200086318F3F24A78F3F681D903F5294903F2E
:107B3000E40B913F1F84913F05FD913F9876923F62
:107B4000D9F0923FC96B933F6BE7933FBF63943F7C
:107B5000C8E0943F875E953FFEDC953F2E5C963FE4
:107B600019DC963FC25C973F29DE973F5060983FF3
:107B70003AE3983FE866993F5CEB993F97709A3FEC
:107B80009DF69A3F6E7D9B3F0C059C3F7A8D9C3FF6
:107B9000BA169D3FCDA09D3FB62B9E3F77B79E3F27
:107BA00012449F3F88D19F3FDD5FA03F12EFA03F6F
:107BB000297FA13F2610A23F09A2A23FD634A33FAE
:107BC0008FC8A33F365DA43FCDF2A43F5889A53F9F
:107BD000D820A63F50B9A63FC252A73F32EDA73FDB
:107BE000A188A83F1325A93F8AC2A93F0961AA3FDE
:107BF0009300AB3F2AA1AB3FD242AC3F8CE5AC3FF8
:107C00005D89AD3F472EAE3F4DD4AE3F737BAF3F56
:107C1000BB23B03F28CDB03FBE77B13F8023B23FFA
:107C200072D0B23F967EB33FF02DB43F84DEB43FB6
:107C30005590B53F6643B63FBCF7B63F59ADB73F29
:107C40004364B83F7B1CB93F07D6B93FEA90BA3FBF
:107C5000294DBB3FC60ABC3FC7C9BC3F2F8ABD3FA9
:107C6000034CBE3F470FBF3F00D4BF3F319AC03FD8
:107C7000DF61C13F0F2BC23FC6F5C23F08C2C33F01
:107C8000DA8FC43F415FC53F4230C63FE202C73F83
:107C900026D7C73F14ADC83FB084C93F005ECA3F76
:107CA0000A39CB3FD215CC3F60F4CC3FB8D4CD3F9E
:107CB000E1B6CE3FE09ACF3FBC80D03F7A68D13F5B
:107CC0002252D23FB93DD33F462BD43FD01AD53FA5
:107CD0005D0CD63FF4FFD63F9DF5D73F5EEDD83F14
:107CE0003FE7D93F47E3DA3F7EE1DB3FEBE1DC3FB3
:107CF00097E4DD3F88E9DE3FC8F0DF3F5EFAE03F12
:107D00005406E23FB114E33F7E25E43FC538E53F2A
:107D10008D4EE63FE266E73FCC81E83F549FE93F66
:107D200085BFEA3F69E2EB3F0A08ED3F7130EE3F65
:107D3000AB5BEF3FC189F03FC0BAF13FB1EEF23F1C
:107D4000A125F43F9C5FF53FAD9CF63FE1DCF73F9A
:107D50004420F93FE466FA3FCCB0FB3F0BFEFC3F0A
:107D6000AE4EFE3FC4A2FF3F2C7D0040BF2A014023
:107D700020DA0140578B02406D3E034068F3034018
:107D800052AA044033630540121E0640F9DA064049
:107D9000F1990740025B0840361E094097E309400D
:107DA0002EAB0A4004750B4026410C409B0F0D4042
:107DB00071E00D40B0B30E4065890F409B611040EB
:107DC0005E3C1140BA191240BBF912406EDC134000
:107DD000E0C114401EAA1540369516403683174060
:107DE0002C74184027681940365F1A4068591B40A8
:107DF000CF561C4079571D40785B1E40DE621F4005
:107E0000BB6D2040227C2140258E2240D9A32340F7
:107E100051BD2440A1DA2540DEFB26401E2128402A
:107E2000764A2940FE772A40CEA92B40FCDF2C4021
:107E3000A31A2E40DB592F40C09D30406CE63140E4
:107E4000FC3333400000000000000080000FC93FF9
:107E5000000F494000CB9640000FC9400053FB4043
:107E600000CB164100ED2F41000F49410031624126
:107E700000537B41003A8A4100CB9641005CA3410C
:107E800000EDAF41007EBC41000FC94100A0D541CB
:107E90000031E24100C2EE410053FB4100F20342D7
:107EA000003A0A420083104200CB164200141D42E1
:107EB000005C234200A5294200ED2F4200363642E5
:107EC000007E3C4200C74242000F4942A20000002F
:107ED000F9000000830000006E0000004E0000006A
:107EE000440000001500000029000000FC00000014
:107EF0002700000057000000D1000000F50000003E
:107F000034000000DD000000C0000000DB000000C5
:107F10006200000095000000990000003C00000095
:107F2000430000009000000041000000FE0000003F
:107F30005100000063000000AB000000DE00000004
:107F4000BB000000C500000061000000B700000099
:107F5000240000006E0000003A0000004200000013
:107F60004D000000D2000000E0000000060000000C
:107F7000490000002E000000EA0000000900000097
:107F8000D1000000920000001C000000FE00000074
:107F90001D000000EB0000001C000000B10000000C
:107FA00029000000A70000003E000000E8000000DB
:107FB0008200000035000000F50000002E000000E7
:107FC000BB0000004400000084000000E900000045
:107FD0009C0000007000000026000000B4000000BB
:107FE0005F0000007E00000041000000390000003A
:107FF00091000000D600000039000000830000005E
:108000005300000039000000F40000009C00000054
:10801000840000005F0000008B000000BD00000035
:10802000F9000000280000003B0000001F000000D5
:10803000F800000097000000FF000000DE000000D4
:1080400005000000980000000F000000EF00000095
:108050002F000000110000008B0000005A000000FB
:108060000A0000006D0000001F0000006D0000000D
:10807000360000007E000000CF0000002700000056
:10808000CB00000009000000B70000004F00000016
:10809000460000003F000000660000009E00000057
:1080A0005F000000EA0000002D00000075000000E5
:1080B00027000000BA000000C7000000EB0000002D
:1080C000E5000000F10000007B0000003D00000022
:1080D0000700000039000000F70000008A000000DF
:1080E0005200000092000000EA0000006B00000057
:1080F000FB0000005F000000B10000001F00000056
:108100008D0000005D000000080000005600000027
:10811000030000003000000046000000FC000000EA
:108120007B0000006B000000AB000000F0000000CE
:10813000CF000000BC000000200000009A000000FA
:10814000F4000000360000001D000000A90000003F
:10815000E300000091000000610000005E000000EC
:10816000E60000001B0000000800000065000000A1
:1081700099000000850000005F000000140000006E
:10818000A000000068000000400000008D0000001A
:10819000FF000000D8000000800000004D0000003B
:1081A00073000000270000003100000006000000FE
:1081B000060000001500000056000000CA00000084
:1081C00073000000A8000000C9000000600000006B
:1081D000E20000007B000000C00000008C000000F6
:1081E0006B0000000000C93F0000F0390000DA37E2
:1081F0000000A2330000842E0000502B0000C22794
:108200000000D0220000C41F0000C61B000044175D
:0C8210000400000007000000090000004E
:08821C00EC80FE7F0100000070
:04822400BD0200088F
:0482280099020008AF
:10822C000100000010000000D00700000200010057
:10823C000090D0030090D003D20044025802620296
:10824C00BC02E402160334035203B603F2037E04A9
:10825C00CE0428058C05DC0508070000D20044027A
:10826C00580262029402BC02E40216035203B603E3
:10827C00F2037E04CE044605B405DC05D0070000ED
:10828C00D0079619041A5E1AB81A581BA81B021CA0
:10829C00521CB61C7E1DDC1E082034212823F02322
:1082AC0048260100787878329614C8001400467875
:1082BC00969600640064000000080000A0000020F6
:1082CC000000000068130120D01301203814012095
:1082DC000000000000000000000000000000000092
:1082EC000000000000000000000000000000000082
:1082FC000000000000000000000000000000000072
:0C830C0000000000000000000000000065
:040000050800ECE51E
:00000001FF
